SymbolicName,NodeId,NodeClass
Decimal,927,DataType
EquipmentPropertyType,954,VariableType
PersonnelClassPropertyType,1123,VariableType
HasISA95Property,2009,ReferenceType
ISA95PropertyType,4263,VariableType
HasISA95Attribute,4713,ReferenceType
MadeUpOf,4714,ReferenceType
Opc_ISA95,4759,Variable
Opc_ISA95_NamespaceUri,4761,Variable
Opc_ISA95_4765,4765,Variable
Opc_ISA95_NamespaceUri_4767,4767,Variable
DecimalString,4772,DataType
DateString,4773,DataType
TimeString,4774,DataType
DurationString,4775,DataType
CurrencyCode,4776,DataType
CDTIdentifier,4777,DataType
CDTIdentifier_SchemeId,4778,Variable
CDTIdentifier_SchemeVersionId,4779,Variable
CDTIdentifier_SchemeAgencyId,4780,Variable
CurrencyCode_Encoding_DefaultXml,4784,Object
Opc_ISA95_CurrencyCode,4785,Variable
CurrencyCode_Encoding_DefaultBinary,4788,Object
Opc_ISA95_CurrencyCode_4789,4789,Variable
CDTCode,4792,DataType
CDTCode_ListId,4793,Variable
CDTCode_ListAgencyId,4794,Variable
CDTCode_ListVersionId,4795,Variable
CDTAmountDecimal,4796,DataType
CDTAmountDecimal_Currency,4797,Variable
CDTBinaryObject,4798,DataType
CDTBinaryObject_CharacterSet,4800,Variable
CDTBinaryObject_Encoding,4801,Variable
CDTBinaryObject_FileName,4802,Variable
CDTDateTime,4803,DataType
CDTDateTime_Timezone,4804,Variable
CDTDateTime_DaylightSavings,4805,Variable
CDTGraphic,4806,DataType
CDTGraphic_FileName,4808,Variable
CDTMeasureDecimal,4809,DataType
CDTMeasureDecimal_Unit,4810,Variable
CDTMeasureDouble,4811,DataType
CDTMeasureDouble_Unit,4812,Variable
CDTMeasureFloat,4813,DataType
CDTMeasureFloat_Unit,4814,Variable
CDTMeasureInt16,4815,DataType
CDTMeasureInt16_Unit,4816,Variable
CDTMeasureInt32,4817,DataType
CDTMeasureInt32_Unit,4818,Variable
CDTMeasureInt64,4819,DataType
CDTMeasureInt64_Unit,4820,Variable
CDTOrdinal,4821,DataType
CDTPicture,4822,DataType
CDTPicture_FileName,4824,Variable
CDTRateDecimal,4825,DataType
CDTRateDecimal_Multiplier,4826,Variable
CDTRateDecimal_Unit,4827,Variable
CDTRateDecimal_Currency,4828,Variable
CDTRateDecimal_BaseMultiplier,4829,Variable
CDTRateDecimal_BaseUnit,4830,Variable
CDTRateDecimal_BaseCurrency,4831,Variable
CDTRateDouble,4832,DataType
CDTRateDouble_Multiplier,4833,Variable
CDTRateDouble_Unit,4834,Variable
CDTRateDouble_Currency,4835,Variable
CDTRateDouble_BaseMultiplier,4836,Variable
CDTRateDouble_BaseUnit,4837,Variable
CDTRateDouble_BaseCurrency,4838,Variable
CDTRateFloat,4839,DataType
CDTRateFloat_Multiplier,4840,Variable
CDTRateFloat_Unit,4841,Variable
CDTRateFloat_Currency,4842,Variable
CDTRateFloat_BaseMultiplier,4843,Variable
CDTRateFloat_BaseUnit,4844,Variable
CDTRateFloat_BaseCurrency,4845,Variable
CDTRateInt32,4846,DataType
CDTRateInt32_Multiplier,4847,Variable
CDTRateInt32_Unit,4848,Variable
CDTRateInt32_Currency,4849,Variable
CDTRateInt32_BaseMultiplier,4850,Variable
CDTRateInt32_BaseUnit,4851,Variable
CDTRateInt32_BaseCurrency,4852,Variable
CDTSound,4853,DataType
CDTSound_FileName,4855,Variable
CDTVideo,4856,DataType
CDTVideo_FileName,4858,Variable
ISA95TestResultMeasurementDataType,4862,DataType
ISA95TestResultMeasurementDataType_Encoding_DefaultXml,4863,Object
Opc_ISA95_ISA95TestResultMeasurementDataType,4864,Variable
ISA95TestResultMeasurementDataType_Encoding_DefaultBinary,4867,Object
Opc_ISA95_ISA95TestResultMeasurementDataType_4868,4868,Variable
ISA95EquipmentElementLevelEnum,4871,DataType
ISA95EquipmentElementLevelEnum_EnumStrings,4872,Variable
ISA95TestResultDataType,4873,DataType
ISA95TestResultType,4878,VariableType
ISA95TestResultType_Id,4879,Variable
ISA95TestResultType_ResultDescription,4880,Variable
ISA95TestResultType_TestDate,4881,Variable
ISA95TestResultType_Result,4882,Variable
ISA95TestResultType_ResultUnitOfMeasure,4883,Variable
ISA95TestResultType_Expiration,4884,Variable
ISA95ClassPropertyType,4885,VariableType
ISA95ClassPropertyType_Key,4886,Variable
ISA95PropertyType_Key,4887,Variable
ISA95TestResultDataType_Encoding_DefaultXml,4894,Object
Opc_ISA95_ISA95TestResultDataType,4896,Variable
ISA95TestResultDataType_Encoding_DefaultBinary,4902,Object
Opc_ISA95_ISA95TestResultDataType_4904,4904,Variable
HasISA95ClassProperty,4910,ReferenceType
HasCDTSupplemental,4911,ReferenceType
DefinedBy,4912,ReferenceType
TestedBy,4913,ReferenceType
ImplementedBy,4914,ReferenceType
HasTestResult,4915,ReferenceType
ResultsForSpecification,4916,ReferenceType
DefinedByPersonnelClass,4917,ReferenceType
TestedByQualificationTest,4918,ReferenceType
DefinedByEquipmentClass,4919,ReferenceType
TestedByEquipmentTest,4920,ReferenceType
DefinedByPhysicalAssetClass,4921,ReferenceType
TestedByPhysicalAssetTest,4922,ReferenceType
TestedByMaterialTest,4924,ReferenceType
AssembledFrom,4925,ReferenceType
AssembledFromDefinition,4926,ReferenceType
AssembledFromClass,4927,ReferenceType
AssembledFromLot,4928,ReferenceType
NormalizedString,4929,DataType
CDTBinaryObject_MimeContentType,4930,Variable
CDTBinaryObject_MIMEListId,4931,Variable
CDTBinaryObject_MIMEListAgencyId,4932,Variable
CDTBinaryObject_MIMEListVersionId,4933,Variable
CDTBinaryObject_CharacterSetListId,4934,Variable
CDTBinaryObject_CharacterSetListAgencyId,4935,Variable
CDTBinaryObject_CharacterSetListVersionId,4936,Variable
CDTBinaryObject_EncodingListId,4937,Variable
CDTBinaryObject_EncodingListAgencyId,4938,Variable
CDTBinaryObject_EncodingListVersionId,4939,Variable
CDTGraphic_MimeContentType,4940,Variable
CDTGraphic_MIMEListId,4941,Variable
CDTGraphic_MIMEListAgencyId,4942,Variable
CDTGraphic_MIMEListVersionId,4943,Variable
CDTPicture_MimeContentType,4944,Variable
CDTPicture_MIMEListId,4945,Variable
CDTPicture_MIMEListAgencyId,4946,Variable
CDTPicture_MIMEListVersionId,4947,Variable
CDTSound_MimeContentType,4948,Variable
CDTSound_MIMEListId,4949,Variable
CDTSound_MIMEListAgencyId,4950,Variable
CDTSound_MIMEListVersionId,4951,Variable
CDTVideo_MimeContentType,4952,Variable
CDTVideo_MIMEListId,4953,Variable
CDTVideo_MIMEListAgencyId,4954,Variable
CDTVideo_MIMEListVersionId,4955,Variable
ISA95AssetAssignmentDataType,4956,DataType
ISA95ClassType,4957,ObjectType
ISA95ObjectType,4958,ObjectType
ISA95TestSpecificationType,4959,ObjectType
ISA95TestSpecificationType_Version,4960,Variable
QualificationTestResultType,4961,VariableType
ISA95AssetAssignmentDataType_Encoding_DefaultXml,4969,Object
Opc_ISA95_ISA95AssetAssignmentDataType,4970,Variable
ISA95AssetAssignmentDataType_Encoding_DefaultBinary,4973,Object
Opc_ISA95_ISA95AssetAssignmentDataType_4974,4974,Variable
QualificationTestSpecificationType,4977,ObjectType
PersonnelClassPropertyType_PropertyName_Placeholder,4979,Variable
PersonnelClassPropertyType_TestSpecification_Placeholder,4981,Object
PersonnelClassPropertyType_TestSpecification_Placeholder_Version,4982,Variable
PersonnelClassType,4996,ObjectType
PersonnelClassType_PropertyName_Placeholder,4997,Variable
PersonnelClassType_TestSpecification_Placeholder,4999,Object
PersonnelClassType_TestSpecification_Placeholder_Version,5000,Variable
EquipmentCapabilityTestResultType,5008,VariableType
EquipmentCapabilityTestSpecificationType,5015,ObjectType
EquipmentClassPropertyType,5017,VariableType
EquipmentClassPropertyType_PropertyName_Placeholder,5019,Variable
EquipmentClassPropertyType_TestSpecification_Placeholder,5021,Object
EquipmentClassPropertyType_TestSpecification_Placeholder_Version,5022,Variable
EquipmentPropertyType_PropertyName_Placeholder,5023,Variable
EquipmentPropertyType_TestSpecification_Placeholder,5025,Object
EquipmentPropertyType_TestSpecification_Placeholder_Version,5026,Variable
EquipmentPropertyType_TestResult_Placeholder,5027,Variable
EquipmentPropertyType_TestResult_Placeholder_Id,5028,Variable
EquipmentPropertyType_TestResult_Placeholder_ResultDescription,5029,Variable
EquipmentPropertyType_TestResult_Placeholder_TestDate,5030,Variable
EquipmentPropertyType_TestResult_Placeholder_Result,5031,Variable
EquipmentPropertyType_TestResult_Placeholder_ResultUnitOfMeasure,5032,Variable
EquipmentPropertyType_TestResult_Placeholder_Expiration,5033,Variable
EquipmentClassType,5034,ObjectType
EquipmentClassType_PropertyName_Placeholder,5035,Variable
EquipmentClassType_TestSpecification_Placeholder,5037,Object
EquipmentClassType_TestSpecification_Placeholder_Version,5038,Variable
EquipmentClassType_EquipmentLevel,5039,Variable
EquipmentType,5040,ObjectType
EquipmentType_PropertyName_Placeholder,5041,Variable
EquipmentType_EquipmentClass_Placeholder,5043,Object
EquipmentType_TestSpecification_Placeholder,5045,Object
EquipmentType_TestSpecification_Placeholder_Version,5046,Variable
EquipmentType_EquipmentLevel,5047,Variable
GeoSpatialLocationType,5048,VariableType
CompanyType,5049,VariableType
PhysicalAssetCapabilityTestResultType,5050,VariableType
PhysicalAssetCapabilityTestSpecificationType,5057,ObjectType
PhysicalAssetClassPropertyType,5059,VariableType
PhysicalAssetClassPropertyType_PropertyName_Placeholder,5061,Variable
PhysicalAssetClassPropertyType_TestSpecification_Placeholder,5063,Object
PhysicalAssetClassPropertyType_TestSpecification_Placeholder_Version,5064,Variable
PhysicalAssetPropertyType,5065,VariableType
PhysicalAssetPropertyType_PropertyName_Placeholder,5067,Variable
PhysicalAssetPropertyType_TestSpecification_Placeholder,5069,Object
PhysicalAssetPropertyType_TestSpecification_Placeholder_Version,5070,Variable
PhysicalAssetPropertyType_TestResult_Placeholder,5071,Variable
PhysicalAssetPropertyType_TestResult_Placeholder_Id,5072,Variable
PhysicalAssetPropertyType_TestResult_Placeholder_ResultDescription,5073,Variable
PhysicalAssetPropertyType_TestResult_Placeholder_TestDate,5074,Variable
PhysicalAssetPropertyType_TestResult_Placeholder_Result,5075,Variable
PhysicalAssetPropertyType_TestResult_Placeholder_ResultUnitOfMeasure,5076,Variable
PhysicalAssetPropertyType_TestResult_Placeholder_Expiration,5077,Variable
PhysicalAssetClassType,5078,ObjectType
PhysicalAssetClassType_PropertyName_Placeholder,5079,Variable
PhysicalAssetClassType_TestSpecification_Placeholder,5081,Object
PhysicalAssetClassType_TestSpecification_Placeholder_Version,5082,Variable
PhysicalAssetClassType_Manufacturer,5083,Variable
PhysicalAssetClassType_ModelNumber,5084,Variable
PhysicalAssetType,5085,ObjectType
PhysicalAssetType_PropertyName_Placeholder,5086,Variable
PhysicalAssetType_PhysicalAssetClass,5088,Object
PhysicalAssetType_TestSpecification_Placeholder,5091,Object
PhysicalAssetType_TestSpecification_Placeholder_Version,5092,Variable
EquipmentType_PhysicalAsset_Placeholder,5093,Object
ISA95TestResultNonEUType,5094,VariableType
ISA95TestResultNonEUType_ResultUnitOfMeasure,5099,Variable
ISA95TestResultEUType,5101,VariableType
ISA95TestResultEUType_ResultUnitOfMeasure,5106,Variable
ISA95AssetAssignmentType,5108,VariableType
ISA95AssetAssignmentType_Id,5109,Variable
ISA95AssetAssignmentType_AssignmentDescription,5110,Variable
ISA95AssetAssignmentType_StartTime,5111,Variable
ISA95AssetAssignmentType_StopTime,5112,Variable
LocatedIn,5114,ReferenceType
MadeUpOfEquipment,5115,ReferenceType
MadeUpOfPhysicalAsset,5116,ReferenceType
MadeUpOfMaterialSublot,5117,ReferenceType
PersonPropertyType,5118,VariableType
PersonPropertyType_PropertyName_Placeholder,5120,Variable
PersonPropertyType_TestSpecification_Placeholder,5122,Object
PersonPropertyType_TestSpecification_Placeholder_Version,5123,Variable
PersonPropertyType_TestResult_Placeholder,5124,Variable
PersonPropertyType_TestResult_Placeholder_Id,5125,Variable
PersonPropertyType_TestResult_Placeholder_ResultDescription,5126,Variable
PersonPropertyType_TestResult_Placeholder_TestDate,5127,Variable
PersonPropertyType_TestResult_Placeholder_Result,5128,Variable
PersonPropertyType_TestResult_Placeholder_ResultUnitOfMeasure,5129,Variable
PersonPropertyType_TestResult_Placeholder_Expiration,5130,Variable
PersonType,5131,ObjectType
PersonType_PropertyName_Placeholder,5132,Variable
PersonType_TestSpecification_Placeholder,5134,Object
PersonType_TestSpecification_Placeholder_Version,5135,Variable
PhysicalAssetType_PhysicalAsset_Placeholder,5136,Object
PhysicalAssetType_PhysicalAsset_Placeholder_PhysicalLocation,5137,Variable
PhysicalAssetType_PhysicalLocation,5138,Variable
EquipmentType_Equipment_Placeholder,5144,Object
EquipmentType_Equipment_Placeholder_EquipmentLevel,5145,Variable
EquipmentType_Equipment_Placeholder_PhysicalAsset_Placeholder,5146,Object
PhysicalAssetType_PhysicalAsset_Placeholder_PhysicalAssetClass,5148,Object
PhysicalAssetType_PhysicalAsset_Placeholder_FixedAssetId,5151,Variable
PhysicalAssetType_PhysicalAsset_Placeholder_VendorId,5152,Variable
PhysicalAssetType_FixedAssetId,5153,Variable
PhysicalAssetType_VendorId,5154,Variable
MaterialTestResultType,5165,VariableType
MaterialTestSpecificationType,5172,ObjectType
MaterialDefinitionPropertyType,5174,VariableType
MaterialDefinitionPropertyType_PropertyName_Placeholder,5176,Variable
MaterialDefinitionPropertyType_TestSpecification_Placeholder,5178,Object
MaterialDefinitionPropertyType_TestSpecification_Placeholder_Version,5179,Variable
MaterialClassPropertyType,5180,VariableType
MaterialClassPropertyType_PropertyName_Placeholder,5182,Variable
MaterialClassPropertyType_TestSpecification_Placeholder,5184,Object
MaterialClassPropertyType_TestSpecification_Placeholder_Version,5185,Variable
MaterialLotPropertyType,5186,VariableType
MaterialLotPropertyType_TestResult_Placeholder,5193,Variable
MaterialLotPropertyType_TestResult_Placeholder_Id,5194,Variable
MaterialLotPropertyType_TestResult_Placeholder_ResultDescription,5195,Variable
MaterialLotPropertyType_TestResult_Placeholder_TestDate,5196,Variable
MaterialLotPropertyType_TestResult_Placeholder_Result,5197,Variable
MaterialLotPropertyType_TestResult_Placeholder_ResultUnitOfMeasure,5198,Variable
MaterialLotPropertyType_TestResult_Placeholder_Expiration,5199,Variable
MaterialLotPropertyType_PropertyName_Placeholder,5200,Variable
MaterialLotPropertyType_PropertyName_Placeholder_Id,5201,Variable
MaterialLotPropertyType_PropertyName_Placeholder_ResultDescription,5202,Variable
MaterialLotPropertyType_PropertyName_Placeholder_TestDate,5203,Variable
MaterialLotPropertyType_PropertyName_Placeholder_Result,5204,Variable
MaterialLotPropertyType_PropertyName_Placeholder_ResultUnitOfMeasure,5205,Variable
MaterialLotPropertyType_PropertyName_Placeholder_Expiration,5206,Variable
MaterialLotPropertyType_TestSpecification_Placeholder,5207,Object
MaterialLotPropertyType_TestSpecification_Placeholder_Version,5208,Variable
MaterialClassType,5209,ObjectType
MaterialClassType_PropertyName_Placeholder,5210,Variable
MaterialClassType_TestSpecification_Placeholder,5212,Object
MaterialClassType_TestSpecification_Placeholder_Version,5213,Variable
MaterialClassType_AssemblyClass_Placeholder,5214,Object
MaterialClassType_AssemblyClass_Placeholder_AssemblyType,5215,Variable
MaterialClassType_AssemblyClass_Placeholder_AssemblyRelationship,5216,Variable
MaterialClassType_AssemblyType,5217,Variable
MaterialClassType_AssemblyRelationship,5218,Variable
MaterialDefinitionType,5219,ObjectType
MaterialDefinitionType_PropertyName_Placeholder,5220,Variable
MaterialDefinitionType_TestSpecification_Placeholder,5222,Object
MaterialDefinitionType_TestSpecification_Placeholder_Version,5223,Variable
MaterialDefinitionType_MaterialClass_Placeholder,5224,Object
MaterialDefinitionType_AssemblyClass_Placeholder,5227,Object
MaterialDefinitionType_AssemblyClass_Placeholder_AssemblyType,5228,Variable
MaterialDefinitionType_AssemblyClass_Placeholder_AssemblyRelationship,5229,Variable
MaterialDefinitionType_AssemblyType,5230,Variable
MaterialDefinitionType_AssemblyRelationship,5231,Variable
MaterialLotType,5232,ObjectType
MaterialLotType_PropertyName_Placeholder,5233,Variable
MaterialLotType_PropertyName_Placeholder_Id,5234,Variable
MaterialLotType_PropertyName_Placeholder_ResultDescription,5235,Variable
MaterialLotType_PropertyName_Placeholder_TestDate,5236,Variable
MaterialLotType_PropertyName_Placeholder_Result,5237,Variable
MaterialLotType_PropertyName_Placeholder_ResultUnitOfMeasure,5238,Variable
MaterialLotType_PropertyName_Placeholder_Expiration,5239,Variable
MaterialLotType_TestSpecification_Placeholder,5240,Object
MaterialLotType_TestSpecification_Placeholder_Version,5241,Variable
MaterialLotType_MaterialDefinition_Placeholder,5242,Object
MaterialLotType_AssemblyLot_Placeholder,5245,Object
MaterialLotType_AssemblyLot_Placeholder_MaterialDefinition_Placeholder,5246,Object
MaterialLotType_AssemblyLot_Placeholder_AssemblyType,5249,Variable
MaterialLotType_AssemblyLot_Placeholder_AssemblyRelationship,5250,Variable
MaterialLotType_AssemblyLot_Placeholder_Status,5251,Variable
MaterialLotType_AssemblyLot_Placeholder_StorageLocation,5252,Variable
MaterialLotType_AssemblyLot_Placeholder_Quantity,5253,Variable
MaterialLotType_AssemblyType,5254,Variable
MaterialLotType_AssemblyRelationship,5255,Variable
MaterialLotType_Status,5256,Variable
MaterialLotType_StorageLocation,5257,Variable
MaterialLotType_Quantity,5258,Variable
MaterialSublotType,5259,ObjectType
MaterialSublotType_PropertyName_Placeholder,5260,Variable
MaterialSublotType_PropertyName_Placeholder_Id,5261,Variable
MaterialSublotType_PropertyName_Placeholder_ResultDescription,5262,Variable
MaterialSublotType_PropertyName_Placeholder_TestDate,5263,Variable
MaterialSublotType_PropertyName_Placeholder_Result,5264,Variable
MaterialSublotType_PropertyName_Placeholder_ResultUnitOfMeasure,5265,Variable
MaterialSublotType_PropertyName_Placeholder_Expiration,5266,Variable
MaterialSublotType_TestSpecification_Placeholder,5267,Object
MaterialSublotType_TestSpecification_Placeholder_Version,5268,Variable
MaterialSublotType_AssemblyLot_Placeholder,5269,Object
MaterialSublotType_AssemblySublot_Placeholder,5278,Object
MaterialSublotType_AssemblySublot_Placeholder_AssemblyType,5279,Variable
MaterialSublotType_AssemblySublot_Placeholder_AssemblyRelationship,5280,Variable
MaterialSublotType_AssemblySublot_Placeholder_Status,5281,Variable
MaterialSublotType_AssemblySublot_Placeholder_StorageLocation,5282,Variable
MaterialSublotType_AssemblySublot_Placeholder_Quantity,5283,Variable
MaterialSublotType_AssemblyType,5284,Variable
MaterialSublotType_AssemblyRelationship,5285,Variable
MaterialSublotType_Sublot_Placeholder,5286,Object
MaterialSublotType_Sublot_Placeholder_AssemblyType,5287,Variable
MaterialSublotType_Sublot_Placeholder_AssemblyRelationship,5288,Variable
MaterialSublotType_Sublot_Placeholder_Status,5289,Variable
MaterialSublotType_Sublot_Placeholder_StorageLocation,5290,Variable
MaterialSublotType_Sublot_Placeholder_Quantity,5291,Variable
MaterialSublotType_Status,5292,Variable
MaterialSublotType_StorageLocation,5293,Variable
MaterialSublotType_Quantity,5294,Variable
MaterialLotType_AssemblySublot_Placeholder,5295,Object
DefinedByMaterialClass,5300,ReferenceType
DefinedByMaterialDefinition,5301,ReferenceType
PersonType_PersonnelClass_Placeholder,5302,Object
PhysicalAssetType_PhysicalAsset_Placeholder_AssetAssignment,5303,Variable
PhysicalAssetType_PhysicalAsset_Placeholder_AssetAssignment_Id,5304,Variable
PhysicalAssetType_PhysicalAsset_Placeholder_AssetAssignment_AssignmentDescription,5305,Variable
PhysicalAssetType_PhysicalAsset_Placeholder_AssetAssignment_StartTime,5306,Variable
PhysicalAssetType_PhysicalAsset_Placeholder_AssetAssignment_StopTime,5307,Variable
PhysicalAssetType_AssetAssignment,5308,Variable
PhysicalAssetType_AssetAssignment_Id,5309,Variable
PhysicalAssetType_AssetAssignment_AssignmentDescription,5310,Variable
PhysicalAssetType_AssetAssignment_StartTime,5311,Variable
PhysicalAssetType_AssetAssignment_StopTime,5312,Variable
EquipmentType_Equipment_Placeholder_AssetAssignment,5318,Variable
EquipmentType_Equipment_Placeholder_AssetAssignment_Id,5319,Variable
EquipmentType_Equipment_Placeholder_AssetAssignment_AssignmentDescription,5320,Variable
EquipmentType_Equipment_Placeholder_AssetAssignment_StartTime,5321,Variable
EquipmentType_Equipment_Placeholder_AssetAssignment_StopTime,5322,Variable
EquipmentType_AssetAssignment,5328,Variable
EquipmentType_AssetAssignment_Id,5329,Variable
EquipmentType_AssetAssignment_AssignmentDescription,5330,Variable
EquipmentType_AssetAssignment_StartTime,5331,Variable
EquipmentType_AssetAssignment_StopTime,5332,Variable
AssembledFromSublot,5333,ReferenceType
