AASAnyUri,1180,DataType
AASHexBinary,1181,DataType
AASNonPositiveInteger,1182,DataType
AASNegativeInteger,1183,DataType
AASPositiveInteger,1184,DataType
AASGYear,1185,DataType
AASGYearMonth,1186,DataType
AASGMonth,1187,DataType
AASGMonthDay,1188,DataType
AASGDay,1189,DataType
AASValueString,1199,DataType
AASAssetKindDataType,1200,DataType
AASModellingKindDataType,1201,DataType
AASEntityTypeDataType,1202,DataType
AASDirectionDataType,1203,DataType
AASStateOfEventDataType,1204,DataType
AASQualifierKindDataType,1205,DataType
AASReferenceTypesDataType,1206,DataType
AASKeyTypesDataType,1207,DataType
AASDataTypeDefXsdDataType,1208,DataType
AASDataTypeIec61360DataType,1209,DataType
AASSubmodelElementsDataType,1210,DataType
AASDisclosureTierDataType,1211,DataType
AASLoadStateDataType,1212,DataType
AASMaterializationOutcomeDataType,1213,DataType
AASKeyDataType,1220,DataType
AASKeyDataType_DefaultBinary,5000,Object
AASKeyDataType_DefaultJSON,5001,Object
AASReferenceDataType,1221,DataType
AASReferenceDataType_DefaultBinary,5002,Object
AASReferenceDataType_DefaultJSON,5003,Object
AASLangStringDataType,1222,DataType
AASLangStringDataType_DefaultBinary,5004,Object
AASLangStringDataType_DefaultJSON,5005,Object
AASSpecificAssetIdDataType,1223,DataType
AASSpecificAssetIdDataType_DefaultBinary,5006,Object
AASSpecificAssetIdDataType_DefaultJSON,5007,Object
AASAdministrativeInformationDataType,1224,DataType
AASAdministrativeInformationDataType_DefaultBinary,5008,Object
AASAdministrativeInformationDataType_DefaultJSON,5009,Object
AASQualifierDataType,1225,DataType
AASQualifierDataType_DefaultBinary,5010,Object
AASQualifierDataType_DefaultJSON,5011,Object
AASEmbeddedDataSpecificationDataType,1226,DataType
AASEmbeddedDataSpecificationDataType_DefaultBinary,5012,Object
AASEmbeddedDataSpecificationDataType_DefaultJSON,5013,Object
AASDataSpecificationIec61360DataType,1227,DataType
AASDataSpecificationIec61360DataType_DefaultBinary,5014,Object
AASDataSpecificationIec61360DataType_DefaultJSON,5015,Object
AASExtensionDataType,1228,DataType
AASExtensionDataType_DefaultBinary,5016,Object
AASExtensionDataType_DefaultJSON,5017,Object
AASResourceDataType,1229,DataType
AASResourceDataType_DefaultBinary,5018,Object
AASResourceDataType_DefaultJSON,5019,Object
AASOperationVariableDataType,1230,DataType
AASOperationVariableDataType_DefaultBinary,5020,Object
AASOperationVariableDataType_DefaultJSON,5021,Object
AASAuthorizationOptionDataType,1231,DataType
AASAuthorizationOptionDataType_DefaultBinary,5022,Object
AASAuthorizationOptionDataType_DefaultJSON,5023,Object
AASAttestationDataType,1232,DataType
AASAttestationDataType_DefaultBinary,5024,Object
AASAttestationDataType_DefaultJSON,5025,Object
AASMaterializationResultDataType,1233,DataType
AASMaterializationResultDataType_DefaultBinary,5026,Object
AASMaterializationResultDataType_DefaultJSON,5027,Object
AASReferableType,1001,ObjectType
AASReferableType_IdShort,5028,Variable
AASReferableType_Category,5029,Variable
AASReferableType_DisplayNameSet,5030,Variable
AASReferableType_DescriptionSet,5031,Variable
AASReferableType_Extensions,5032,Variable
AASReferableType_ModelType,5033,Variable
AASIdentifiableType,1002,ObjectType
AASIdentifiableType_Id,5034,Variable
AASIdentifiableType_Administration,5035,Variable
AASHasSemanticsType,1003,ObjectType
AASHasSemanticsType_SemanticId,5036,Variable
AASHasSemanticsType_SupplementalSemanticIds,5037,Variable
AASHasKindType,1004,ObjectType
AASHasKindType_Kind,5038,Variable
AASHasDataSpecificationType,1005,ObjectType
AASHasDataSpecificationType_EmbeddedDataSpecifications,5039,Variable
AASQualifiableType,1006,ObjectType
AASQualifiableType_Qualifiers,5040,Variable
AASEnvironmentType,1010,ObjectType
AASEnvironmentType_AssetAdministrationShell,5041,Object
AASEnvironmentType_Submodel,5042,Object
AASEnvironmentType_ConceptDescription,5043,Object
AASType,1011,ObjectType
AASType_AssetInformation,5044,Object
AASType_SubmodelReferences,5045,Variable
AASType_DerivedFrom,5046,Variable
AASType_EmbeddedDataSpecifications,5047,Variable
AASAssetInformationType,1012,ObjectType
AASAssetInformationType_AssetKind,5048,Variable
AASAssetInformationType_GlobalAssetId,5049,Variable
AASAssetInformationType_AssetType,5050,Variable
AASAssetInformationType_SpecificAssetIds,5051,Variable
AASAssetInformationType_DefaultThumbnail,5052,Variable
AASSubmodelType,1013,ObjectType
AASSubmodelType_Kind,5053,Variable
AASSubmodelType_SemanticId,5054,Variable
AASSubmodelType_SupplementalSemanticIds,5055,Variable
AASSubmodelType_Qualifiers,5056,Variable
AASSubmodelType_EmbeddedDataSpecifications,5057,Variable
AASSubmodelType_SubmodelElement,5058,Object
AASConceptDescriptionType,1030,ObjectType
AASConceptDescriptionType_IsCaseOf,5059,Variable
AASConceptDescriptionType_EmbeddedDataSpecifications,5060,Variable
AASSubmodelElementType,1020,ObjectType
AASSubmodelElementType_SemanticId,5061,Variable
AASSubmodelElementType_SupplementalSemanticIds,5062,Variable
AASSubmodelElementType_Qualifiers,5063,Variable
AASSubmodelElementType_EmbeddedDataSpecifications,5064,Variable
AASSubmodelElementType_Index,5065,Variable
AASPropertyType,1021,ObjectType
AASPropertyType_ValueType,5066,Variable
AASPropertyType_Value,5067,Variable
AASPropertyType_ValueId,5068,Variable
AASMultiLanguagePropertyType,1022,ObjectType
AASMultiLanguagePropertyType_Value,5069,Variable
AASMultiLanguagePropertyType_ValueId,5070,Variable
AASRangeType,1023,ObjectType
AASRangeType_ValueType,5071,Variable
AASRangeType_Min,5072,Variable
AASRangeType_Max,5073,Variable
AASBlobType,1024,ObjectType
AASBlobType_Value,5074,Variable
AASBlobType_ContentType,5075,Variable
AASFileType,1025,ObjectType
AASFileType_Value,5076,Variable
AASFileType_ContentType,5077,Variable
AASReferenceElementType,1026,ObjectType
AASReferenceElementType_Value,5078,Variable
AASRelationshipElementType,1027,ObjectType
AASRelationshipElementType_First,5079,Variable
AASRelationshipElementType_Second,5080,Variable
AASAnnotatedRelationshipElementType,1028,ObjectType
AASAnnotatedRelationshipElementType_Annotation,5081,Object
AASSubmodelElementCollectionType,1029,ObjectType
AASSubmodelElementCollectionType_SubmodelElement,5082,Object
AASSubmodelElementListType,1031,ObjectType
AASSubmodelElementListType_TypeValueListElement,5083,Variable
AASSubmodelElementListType_SemanticIdListElement,5084,Variable
AASSubmodelElementListType_ValueTypeListElement,5085,Variable
AASSubmodelElementListType_Element,5086,Object
AASEntityType,1032,ObjectType
AASEntityType_EntityType,5087,Variable
AASEntityType_GlobalAssetId,5088,Variable
AASEntityType_SpecificAssetIds,5089,Variable
AASEntityType_Statement,5090,Object
AASBasicEventElementType,1033,ObjectType
AASBasicEventElementType_Observed,5091,Variable
AASBasicEventElementType_Direction,5092,Variable
AASBasicEventElementType_State,5093,Variable
AASBasicEventElementType_MessageTopic,5094,Variable
AASBasicEventElementType_MessageBroker,5095,Variable
AASBasicEventElementType_LastUpdate,5096,Variable
AASBasicEventElementType_MinInterval,5097,Variable
AASBasicEventElementType_MaxInterval,5098,Variable
AASOperationType,1034,ObjectType
AASOperationType_InputVariables,5099,Variable
AASOperationType_OutputVariables,5100,Variable
AASOperationType_InoutputVariables,5101,Variable
AASOperationType_Variable,5102,Object
AASOperationType_Invoke,5103,Method
AASOperationType_Invoke_InputArguments,5104,Variable
AASOperationType_Invoke_OutputArguments,5105,Variable
AASCapabilityType,1035,ObjectType
AASRegistryType,1100,ObjectType
AASRegistryType_ShellGroup,5106,Object
AASRegistryType_SubmodelTemplateGroup,5107,Object
AASRegistryType_ConceptDictionaryGroup,5108,Object
AASRegistryType_PackageStoreGroup,5109,Object
AASRegistryType_Environment,5110,Object
AASRegistryType_LookupShellsByAssetLink,5111,Method
AASRegistryType_LookupShellsByAssetLink_InputArguments,5112,Variable
AASRegistryType_LookupShellsByAssetLink_OutputArguments,5113,Variable
AASRegistryType_GetSubmodel,5114,Method
AASRegistryType_GetSubmodel_InputArguments,5115,Variable
AASRegistryType_GetSubmodel_OutputArguments,5116,Variable
AASRegistryType_AutoMaterialize,5117,Variable
AASRegistryType_MaterializationGeneration,5118,Variable
AASRegistryType_Materialize,5119,Method
AASRegistryType_Materialize_InputArguments,5120,Variable
AASRegistryType_Materialize_OutputArguments,5121,Variable
AASShellGroupType,1101,ObjectType
AASShellGroupType_AasIdentifier,5122,Variable
AASShellGroupType_AssetKind,5123,Variable
AASShellGroupType_GlobalAssetId,5124,Variable
AASShellGroupType_AssetType,5125,Variable
AASShellGroupType_SpecificAssetIds,5126,Variable
AASShellGroupType_Administration,5127,Variable
AASShellGroupType_DerivedFrom,5128,Variable
AASShellGroupType_DisclosureTier,5129,Variable
AASShellGroupType_Authorization,5130,Variable
AASShellGroupType_EventEndpoint,5131,Variable
AASShellGroupType_ShellNode,5132,Variable
AASShellGroupType_Submodel,5133,Object
AASSubmodelFileType,1102,ObjectType
AASSubmodelFileType_SubmodelIdentifier,5134,Variable
AASSubmodelFileType_SemanticId,5135,Variable
AASSubmodelFileType_SupplementalSemanticIds,5136,Variable
AASSubmodelFileType_Kind,5137,Variable
AASSubmodelFileType_Template,5138,Variable
AASSubmodelFileType_Digest,5139,Variable
AASSubmodelFileType_DigestAlg,5140,Variable
AASSubmodelFileType_IsDefault,5141,Variable
AASSubmodelFileType_Ancestor,5142,Variable
AASSubmodelFileType_DisclosureTier,5143,Variable
AASSubmodelFileType_Authorization,5144,Variable
AASSubmodelFileType_SubmodelNode,5145,Variable
AASSubmodelFileType_LoadState,5146,Variable
AASSubmodelFileType_DesiredVersionId,5147,Variable
AASSubmodelFileType_ActiveVersionId,5148,Variable
AASSubmodelTemplateGroupType,1103,ObjectType
AASSubmodelTemplateGroupType_TemplateNamespace,5149,Variable
AASSubmodelTemplateGroupType_Publisher,5150,Variable
AASSubmodelTemplateGroupType_Submodel,5151,Object
AASConceptDictionaryGroupType,1104,ObjectType
AASConceptDictionaryGroupType_DictionaryIdentifier,5152,Variable
AASConceptDictionaryGroupType_ConceptDescription,5153,Object
AASConceptDescriptionFileType,1105,ObjectType
AASConceptDescriptionFileType_ConceptIdentifier,5154,Variable
AASConceptDescriptionFileType_IsCaseOf,5155,Variable
AASConceptDescriptionFileType_ConceptNode,5156,Variable
AASConceptDescriptionFileType_LoadState,5157,Variable
AASConceptDescriptionFileType_DesiredVersionId,5158,Variable
AASConceptDescriptionFileType_ActiveVersionId,5159,Variable
AASPackageStoreGroupType,1106,ObjectType
AASPackageStoreGroupType_StoreIdentifier,5160,Variable
AASPackageStoreGroupType_RegistryUrl,5161,Variable
AASPackageStoreGroupType_Package,5162,Object
AASPackageFileType,1107,ObjectType
AASPackageFileType_PackageIdentifier,5163,Variable
AASPackageFileType_ArtifactType,5164,Variable
AASPackageFileType_Digest,5165,Variable
AASPackageFileType_DigestAlg,5166,Variable
AASPackageFileType_AasIdentifiers,5167,Variable
AASPackageFileType_Subject,5168,Variable
AASPackageFileType_Attestations,5169,Variable
AASEnvironmentFileType,1108,ObjectType
AASEnvironmentFileType_EnvironmentIdentifier,5170,Variable
AASEnvironmentFileType_Format,5171,Variable
AASEnvironmentFileType_EnvironmentNode,5172,Variable
AASEnvironmentFileType_Digest,5173,Variable
AASEnvironmentFileType_DigestAlg,5174,Variable
AASEnvironmentFileType_Filtered,5175,Variable
AASEnvironmentFileType_DisclosureTier,5176,Variable
AASEnvironmentFileType_Authorization,5177,Variable
AASRegistry,1150,Object
AASRegistry_LookupShellsByAssetLink,5178,Method
AASRegistry_LookupShellsByAssetLink_InputArguments,5179,Variable
AASRegistry_LookupShellsByAssetLink_OutputArguments,5180,Variable
AASRegistry_GetSubmodel,5181,Method
AASRegistry_GetSubmodel_InputArguments,5182,Variable
AASRegistry_GetSubmodel_OutputArguments,5183,Variable
AASRegistry_Materialize,5184,Method
AASRegistry_Materialize_InputArguments,5185,Variable
AASRegistry_Materialize_OutputArguments,5186,Variable
AASValueReferencePairDataType,1234,DataType
AASValueReferencePairDataType_DefaultBinary,5187,Object
AASValueReferencePairDataType_DefaultJSON,5188,Object
AASValueListDataType,1235,DataType
AASValueListDataType_DefaultBinary,5189,Object
AASValueListDataType_DefaultJSON,5190,Object
AASLevelTypeDataType,1236,DataType
AASLevelTypeDataType_DefaultBinary,5191,Object
AASLevelTypeDataType_DefaultJSON,5192,Object
AASPackageFileType_ManifestDigest,5193,Variable
