SchemaRegistryType,62000,ObjectType
SchemaGroupType,62001,ObjectType
SchemaFileType,62002,ObjectType
SchemaRegistryType_SchemaGroup,62500,Object
SchemaRegistryType_GetSchema,62501,Method
SchemaRegistryType_GetSchema_InputArguments,62502,Variable
SchemaRegistryType_GetSchema_OutputArguments,62503,Variable
SchemaGroupType_NamespaceUri,62504,Variable
SchemaGroupType_Schema,62505,Object
SchemaFileType_SchemaId,62506,Variable
SchemaFileType_SchemaIdAlg,62507,Variable
SchemaFileType_DataTypeEncoding,62508,Variable
SchemaFileType_Compatibility,62509,Variable
SchemaFileType_IsDefault,62510,Variable
SchemaFileType_Ancestor,62511,Variable
SchemaFileType_ModelVersion,62512,Variable
SchemaFileType_ConfigurationVersion,62513,Variable
SchemaFileType_ExpiryTime,62514,Variable
SchemaFileType_Ttl,62515,Variable
SchemaRegistry,62100,Object
SchemaRegistry_GetSchema,62516,Method
SchemaRegistry_GetSchema_InputArguments,62517,Variable
SchemaRegistry_GetSchema_OutputArguments,62518,Variable
SchemaFileType_SchemaName,62519,Variable
NamespaceMetadata,62520,Object
NamespaceMetadata_NamespaceUri,62521,Variable
NamespaceMetadata_NamespaceVersion,62522,Variable
NamespaceMetadata_NamespacePublicationDate,62523,Variable
NamespaceMetadata_IsNamespaceSubset,62524,Variable
SchemaVersionsType,62003,ObjectType
SchemaVersionsType_Version,62525,Object
SchemaFileType_Versions,62526,Object
SchemaContentDataType,62200,DataType
JsonSchemaNodeDataType,62201,DataType
JsonSchemaBooleanDataType,62202,DataType
JsonSchemaBooleanDataType_DefaultBinary,62600,Object
JsonSchemaBooleanDataType_DefaultJSON,62601,Object
JsonSchemaNodeMapEntryDataType,62203,DataType
JsonSchemaNodeMapEntryDataType_DefaultBinary,62602,Object
JsonSchemaNodeMapEntryDataType_DefaultJSON,62603,Object
JsonSchemaNodeMapDataType,62204,DataType
JsonSchemaNodeMapDataType_DefaultBinary,62604,Object
JsonSchemaNodeMapDataType_DefaultJSON,62605,Object
JsonSchemaStringArrayMapEntryDataType,62205,DataType
JsonSchemaStringArrayMapEntryDataType_DefaultBinary,62606,Object
JsonSchemaStringArrayMapEntryDataType_DefaultJSON,62607,Object
JsonSchemaStringArrayMapDataType,62206,DataType
JsonSchemaStringArrayMapDataType_DefaultBinary,62608,Object
JsonSchemaStringArrayMapDataType_DefaultJSON,62609,Object
JsonSchemaObjectDataType,62207,DataType
JsonSchemaObjectDataType_DefaultBinary,62610,Object
JsonSchemaObjectDataType_DefaultJSON,62611,Object
JsonSchemaContentDataType,62208,DataType
JsonSchemaContentDataType_DefaultBinary,62612,Object
JsonSchemaContentDataType_DefaultJSON,62613,Object
AvroSchemaNodeDataType,62209,DataType
AvroNameDataType,62210,DataType
AvroNameDataType_DefaultBinary,62614,Object
AvroNameDataType_DefaultJSON,62615,Object
AvroUnionDataType,62211,DataType
AvroUnionDataType_DefaultBinary,62616,Object
AvroUnionDataType_DefaultJSON,62617,Object
AvroFieldDataType,62212,DataType
AvroFieldDataType_DefaultBinary,62618,Object
AvroFieldDataType_DefaultJSON,62619,Object
AvroDeclarationDataType,62213,DataType
AvroDeclarationDataType_DefaultBinary,62620,Object
AvroDeclarationDataType_DefaultJSON,62621,Object
AvroObjectDataType,62214,DataType
AvroObjectDataType_DefaultBinary,62622,Object
AvroObjectDataType_DefaultJSON,62623,Object
AvroSchemaContentDataType,62215,DataType
AvroSchemaContentDataType_DefaultBinary,62624,Object
AvroSchemaContentDataType_DefaultJSON,62625,Object
ArrowKeyValueDataType,62216,DataType
ArrowKeyValueDataType_DefaultBinary,62626,Object
ArrowKeyValueDataType_DefaultJSON,62627,Object
ArrowTypeDataType,62217,DataType
ArrowPrimitiveTypeDataType,62218,DataType
ArrowPrimitiveTypeDataType_DefaultBinary,62628,Object
ArrowPrimitiveTypeDataType_DefaultJSON,62629,Object
ArrowTemporalTypeDataType,62219,DataType
ArrowTemporalTypeDataType_DefaultBinary,62630,Object
ArrowTemporalTypeDataType_DefaultJSON,62631,Object
ArrowDecimalTypeDataType,62220,DataType
ArrowDecimalTypeDataType_DefaultBinary,62632,Object
ArrowDecimalTypeDataType_DefaultJSON,62633,Object
ArrowFixedBinaryTypeDataType,62221,DataType
ArrowFixedBinaryTypeDataType_DefaultBinary,62634,Object
ArrowFixedBinaryTypeDataType_DefaultJSON,62635,Object
ArrowFieldDataType,62222,DataType
ArrowFieldDataType_DefaultBinary,62636,Object
ArrowFieldDataType_DefaultJSON,62637,Object
ArrowListTypeDataType,62223,DataType
ArrowListTypeDataType_DefaultBinary,62638,Object
ArrowListTypeDataType_DefaultJSON,62639,Object
ArrowStructTypeDataType,62224,DataType
ArrowStructTypeDataType_DefaultBinary,62640,Object
ArrowStructTypeDataType_DefaultJSON,62641,Object
ArrowMapTypeDataType,62225,DataType
ArrowMapTypeDataType_DefaultBinary,62642,Object
ArrowMapTypeDataType_DefaultJSON,62643,Object
ArrowUnionTypeDataType,62226,DataType
ArrowUnionTypeDataType_DefaultBinary,62644,Object
ArrowUnionTypeDataType_DefaultJSON,62645,Object
ArrowDictionaryTypeDataType,62227,DataType
ArrowDictionaryTypeDataType_DefaultBinary,62646,Object
ArrowDictionaryTypeDataType_DefaultJSON,62647,Object
ArrowRunEndTypeDataType,62228,DataType
ArrowRunEndTypeDataType_DefaultBinary,62648,Object
ArrowRunEndTypeDataType_DefaultJSON,62649,Object
ArrowExtensionTypeDataType,62229,DataType
ArrowExtensionTypeDataType_DefaultBinary,62650,Object
ArrowExtensionTypeDataType_DefaultJSON,62651,Object
ArrowSchemaContentDataType,62230,DataType
ArrowSchemaContentDataType_DefaultBinary,62652,Object
ArrowSchemaContentDataType_DefaultJSON,62653,Object
ExtensionSchemaContentDataType,62231,DataType
ExtensionSchemaContentDataType_DefaultBinary,62654,Object
ExtensionSchemaContentDataType_DefaultJSON,62655,Object
SchemaReferenceDataType,62232,DataType
SchemaReferenceDataType_DefaultBinary,62656,Object
SchemaReferenceDataType_DefaultJSON,62657,Object
SchemaDocumentDataType,62233,DataType
SchemaDocumentDataType_DefaultBinary,62658,Object
SchemaDocumentDataType_DefaultJSON,62659,Object
TypedSchemaReadResultDataType,62234,DataType
TypedSchemaReadResultDataType_DefaultBinary,62660,Object
TypedSchemaReadResultDataType_DefaultJSON,62661,Object
TypedSchemaWriteRequestDataType,62235,DataType
TypedSchemaWriteRequestDataType_DefaultBinary,62662,Object
TypedSchemaWriteRequestDataType_DefaultJSON,62663,Object
NativeSchemaAccessType,62400,ObjectType
NativeSchemaAccessType_ReadSchema,62664,Method
NativeSchemaAccessType_ReadSchema_InputArguments,62665,Variable
NativeSchemaAccessType_ReadSchema_OutputArguments,62666,Variable
NativeSchemaAccessType_WriteSchema,62667,Method
NativeSchemaAccessType_WriteSchema_InputArguments,62668,Variable
NativeSchemaAccessType_WriteSchema_OutputArguments,62669,Variable
SchemaRegistryType_TypedSchemas,62670,Object
SchemaFileType_NativeContent,62671,Variable
ArrowIpcTypeDataType,62300,DataType
ArrowIpcTypeDataType_DefaultBinary,62672,Object
ArrowIpcTypeDataType_DefaultJSON,62673,Object
ArrowIpcDictionaryDataType,62301,DataType
ArrowIpcDictionaryDataType_DefaultBinary,62674,Object
ArrowIpcDictionaryDataType_DefaultJSON,62675,Object
ArrowIpcFieldDataType,62302,DataType
ArrowIpcFieldDataType_DefaultBinary,62676,Object
ArrowIpcFieldDataType_DefaultJSON,62677,Object
ArrowIpcSchemaContentDataType,62303,DataType
ArrowIpcSchemaContentDataType_DefaultBinary,62678,Object
ArrowIpcSchemaContentDataType_DefaultJSON,62679,Object
