EndpointRegistryType,64000,ObjectType
MessageContainerType,64050,ObjectType
MessageDefinitionGroupType,64051,ObjectType
MessageDefinitionType,64052,ObjectType
MessageGroupCollectionType,64053,ObjectType
MessageCollectionType,64054,ObjectType
EndpointGroupType,64001,ObjectType
EndpointCollectionType,64004,ObjectType
EndpointOptionsType,64007,ObjectType
MediaEndpointRegistryType,64008,ObjectType
MediaEndpointCollectionType,64009,ObjectType
MediaEndpointGroupType,64010,ObjectType
MediaEndpointOptionsType,64011,ObjectType
MqttEndpointOptionsType,64012,ObjectType
HttpEndpointOptionsType,64013,ObjectType
AmqpEndpointOptionsType,64014,ObjectType
KafkaEndpointOptionsType,64015,ObjectType
NatsEndpointOptionsType,64016,ObjectType
EndpointRegistryType_Endpoints,69000,Object
EndpointRegistryType_MessageGroups,69001,Object
EndpointRegistryType_ProfileUris,69002,Variable
EndpointRegistryType_ExtensionDefinitions,69003,Variable
EndpointRegistryType_Snapshot,69004,Variable
MessageContainerType_Snapshot,69005,Variable
MessageContainerType_Messages,69006,Object
MessageContainerType_Metadata,69007,Object
MessageContainerType_Envelope,69008,Variable
MessageContainerType_Protocol,69009,Variable
MessageDefinitionType_Snapshot,69010,Variable
MessageDefinitionType_DataSchema,69011,Variable
MessageDefinitionType_SchemaReference,69012,Variable
MessageDefinitionType_Reference,69013,Variable
EndpointGroupType_Usage,69014,Variable
EndpointGroupType_Channel,69015,Variable
EndpointGroupType_PubSubBindings,69016,Variable
EndpointGroupType_Options,69017,Object
EndpointOptionsType_Value,69018,Variable
MessageGroupCollectionType_MessageGroup,69019,Object
MessageCollectionType_Message,69020,Object
EndpointCollectionType_Endpoint,69021,Object
MediaEndpointRegistryType_Endpoints,69022,Object
MediaEndpointCollectionType_Endpoint,69023,Object
MediaEndpointGroupType_Options,69024,Object
EndpointRegistryType_ResolveMessage,69025,Method
EndpointRegistryType_ResolveMessage_InputArguments,69026,Variable
EndpointRegistryType_ResolveMessage_OutputArguments,69027,Variable
EndpointRegistryType_CommitMetadata,69028,Method
EndpointRegistryType_CommitMetadata_InputArguments,69029,Variable
EndpointRegistryType_CommitMetadata_OutputArguments,69030,Variable
PublishesTo,64030,ReferenceType
SubscribesTo,64031,ReferenceType
HasMessageDefinition,64032,ReferenceType
EndpointRegistry,64100,Object
EndpointRegistry_TypedAccess,69031,Object
EndpointRegistry_ProfileUris,69032,Variable
EndpointRegistry_Endpoints,69033,Object
EndpointRegistry_Endpoints_CollectionName,69034,Variable
EndpointRegistry_MessageGroups,69035,Object
EndpointRegistry_MessageGroups_CollectionName,69036,Variable
MediaEndpointRegistry,64101,Object
MediaEndpointRegistry_TypedAccess,69037,Object
MediaEndpointRegistry_ProfileUris,69038,Variable
MediaEndpointRegistry_Endpoints,69039,Object
MediaEndpointRegistry_Endpoints_CollectionName,69040,Variable
MessageDefinitionLabelsEntryDataType,68000,DataType
MessageDefinitionLabelsEntryDataType_DefaultBinary,69041,Object
MessageDefinitionLabelsEntryDataType_DefaultJSON,69042,Object
MessageDefinitionLabelsDataType,68001,DataType
MessageDefinitionLabelsDataType_DefaultBinary,69043,Object
MessageDefinitionLabelsDataType_DefaultJSON,69044,Object
MessageDefinitionEnvelopeMetadataSpecVersionDataType,68002,DataType
MessageDefinitionEnvelopeMetadataSpecVersionDataType_DefaultBinary,69045,Object
MessageDefinitionEnvelopeMetadataSpecVersionDataType_DefaultJSON,69046,Object
MessageDefinitionEnvelopeMetadataIdDataType,68003,DataType
MessageDefinitionEnvelopeMetadataIdDataType_DefaultBinary,69047,Object
MessageDefinitionEnvelopeMetadataIdDataType_DefaultJSON,69048,Object
MessageDefinitionEnvelopeMetadataTypeDataType,68004,DataType
MessageDefinitionEnvelopeMetadataTypeDataType_DefaultBinary,69049,Object
MessageDefinitionEnvelopeMetadataTypeDataType_DefaultJSON,69050,Object
MessageDefinitionEnvelopeMetadataSourceDataType,68005,DataType
MessageDefinitionEnvelopeMetadataSourceDataType_DefaultBinary,69051,Object
MessageDefinitionEnvelopeMetadataSourceDataType_DefaultJSON,69052,Object
MessageDefinitionEnvelopeMetadataSubjectDataType,68006,DataType
MessageDefinitionEnvelopeMetadataSubjectDataType_DefaultBinary,69053,Object
MessageDefinitionEnvelopeMetadataSubjectDataType_DefaultJSON,69054,Object
MessageDefinitionEnvelopeMetadataTimeDataType,68007,DataType
MessageDefinitionEnvelopeMetadataTimeDataType_DefaultBinary,69055,Object
MessageDefinitionEnvelopeMetadataTimeDataType_DefaultJSON,69056,Object
MessageDefinitionEnvelopeMetadataDataSchemaDataType,68008,DataType
MessageDefinitionEnvelopeMetadataDataSchemaDataType_DefaultBinary,69057,Object
MessageDefinitionEnvelopeMetadataDataSchemaDataType_DefaultJSON,69058,Object
MessageDefinitionEnvelopeMetadataDataContentTypeDataType,68009,DataType
MessageDefinitionEnvelopeMetadataDataContentTypeDataType_DefaultBinary,69059,Object
MessageDefinitionEnvelopeMetadataDataContentTypeDataType_DefaultJSON,69060,Object
MessageDefinitionEnvelopeMetadataDataType,68010,DataType
MessageDefinitionEnvelopeMetadataCloudEvents10DataType,68011,DataType
MessageDefinitionEnvelopeMetadataCloudEvents10DataType_DefaultBinary,69061,Object
MessageDefinitionEnvelopeMetadataCloudEvents10DataType_DefaultJSON,69062,Object
MessageDefinitionEnvelopeMetadataExtensionDataType,68012,DataType
MessageDefinitionEnvelopeMetadataExtensionDataType_DefaultBinary,69063,Object
MessageDefinitionEnvelopeMetadataExtensionDataType_DefaultJSON,69064,Object
MessageDefinitionEnvelopeOptionsDataType,68013,DataType
MessageDefinitionEnvelopeOptionsCloudEvents10DataType,68014,DataType
MessageDefinitionEnvelopeOptionsCloudEvents10DataType_DefaultBinary,69065,Object
MessageDefinitionEnvelopeOptionsCloudEvents10DataType_DefaultJSON,69066,Object
MessageDefinitionEnvelopeOptionsExtensionDataType,68015,DataType
MessageDefinitionEnvelopeOptionsExtensionDataType_DefaultBinary,69067,Object
MessageDefinitionEnvelopeOptionsExtensionDataType_DefaultJSON,69068,Object
MessageDefinitionProtocolOptionsDataType,68016,DataType
MessageDefinitionProtocolOptionsAMQP10PropertiesMessageIdDataType,68017,DataType
MessageDefinitionProtocolOptionsAMQP10PropertiesMessageIdDataType_DefaultBinary,69069,Object
MessageDefinitionProtocolOptionsAMQP10PropertiesMessageIdDataType_DefaultJSON,69070,Object
MessageDefinitionProtocolOptionsAMQP10PropertiesUserIdDataType,68018,DataType
MessageDefinitionProtocolOptionsAMQP10PropertiesUserIdDataType_DefaultBinary,69071,Object
MessageDefinitionProtocolOptionsAMQP10PropertiesUserIdDataType_DefaultJSON,69072,Object
MessageDefinitionProtocolOptionsAMQP10PropertiesToDataType,68019,DataType
MessageDefinitionProtocolOptionsAMQP10PropertiesToDataType_DefaultBinary,69073,Object
MessageDefinitionProtocolOptionsAMQP10PropertiesToDataType_DefaultJSON,69074,Object
MessageDefinitionProtocolOptionsAMQP10PropertiesSubjectDataType,68020,DataType
MessageDefinitionProtocolOptionsAMQP10PropertiesSubjectDataType_DefaultBinary,69075,Object
MessageDefinitionProtocolOptionsAMQP10PropertiesSubjectDataType_DefaultJSON,69076,Object
MessageDefinitionProtocolOptionsAMQP10PropertiesReplyToDataType,68021,DataType
MessageDefinitionProtocolOptionsAMQP10PropertiesReplyToDataType_DefaultBinary,69077,Object
MessageDefinitionProtocolOptionsAMQP10PropertiesReplyToDataType_DefaultJSON,69078,Object
MessageDefinitionProtocolOptionsAMQP10PropertiesCorrelationIdDataType,68022,DataType
MessageDefinitionProtocolOptionsAMQP10PropertiesCorrelationIdDataType_DefaultBinary,69079,Object
MessageDefinitionProtocolOptionsAMQP10PropertiesCorrelationIdDataType_DefaultJSON,69080,Object
MessageDefinitionProtocolOptionsAMQP10PropertiesContentTypeDataType,68023,DataType
MessageDefinitionProtocolOptionsAMQP10PropertiesContentTypeDataType_DefaultBinary,69081,Object
MessageDefinitionProtocolOptionsAMQP10PropertiesContentTypeDataType_DefaultJSON,69082,Object
MessageDefinitionProtocolOptionsAMQP10PropertiesContentEncodingDataType,68024,DataType
MessageDefinitionProtocolOptionsAMQP10PropertiesContentEncodingDataType_DefaultBinary,69083,Object
MessageDefinitionProtocolOptionsAMQP10PropertiesContentEncodingDataType_DefaultJSON,69084,Object
MessageDefinitionProtocolOptionsAMQP10PropertiesAbsoluteExpiryTimeDataType,68025,DataType
MessageDefinitionProtocolOptionsAMQP10PropertiesAbsoluteExpiryTimeDataType_DefaultBinary,69085,Object
MessageDefinitionProtocolOptionsAMQP10PropertiesAbsoluteExpiryTimeDataType_DefaultJSON,69086,Object
MessageDefinitionProtocolOptionsAMQP10PropertiesCreationTimeDataType,68026,DataType
MessageDefinitionProtocolOptionsAMQP10PropertiesCreationTimeDataType_DefaultBinary,69087,Object
MessageDefinitionProtocolOptionsAMQP10PropertiesCreationTimeDataType_DefaultJSON,69088,Object
MessageDefinitionProtocolOptionsAMQP10PropertiesGroupIdDataType,68027,DataType
MessageDefinitionProtocolOptionsAMQP10PropertiesGroupIdDataType_DefaultBinary,69089,Object
MessageDefinitionProtocolOptionsAMQP10PropertiesGroupIdDataType_DefaultJSON,69090,Object
MessageDefinitionProtocolOptionsAMQP10PropertiesGroupSequenceDataType,68028,DataType
MessageDefinitionProtocolOptionsAMQP10PropertiesGroupSequenceDataType_DefaultBinary,69091,Object
MessageDefinitionProtocolOptionsAMQP10PropertiesGroupSequenceDataType_DefaultJSON,69092,Object
MessageDefinitionProtocolOptionsAMQP10PropertiesReplyToGroupIdDataType,68029,DataType
MessageDefinitionProtocolOptionsAMQP10PropertiesReplyToGroupIdDataType_DefaultBinary,69093,Object
MessageDefinitionProtocolOptionsAMQP10PropertiesReplyToGroupIdDataType_DefaultJSON,69094,Object
MessageDefinitionProtocolOptionsAMQP10PropertiesDataType,68030,DataType
MessageDefinitionProtocolOptionsAMQP10PropertiesDataType_DefaultBinary,69095,Object
MessageDefinitionProtocolOptionsAMQP10PropertiesDataType_DefaultJSON,69096,Object
MessageDefinitionProtocolOptionsAMQP10ApplicationPropertiesDataTypeValue,68031,DataType
MessageDefinitionProtocolOptionsAMQP10ApplicationPropertiesDataTypeValue_DefaultBinary,69097,Object
MessageDefinitionProtocolOptionsAMQP10ApplicationPropertiesDataTypeValue_DefaultJSON,69098,Object
MessageDefinitionProtocolOptionsAMQP10ApplicationPropertiesEntryDataType,68032,DataType
MessageDefinitionProtocolOptionsAMQP10ApplicationPropertiesEntryDataType_DefaultBinary,69099,Object
MessageDefinitionProtocolOptionsAMQP10ApplicationPropertiesEntryDataType_DefaultJSON,69100,Object
MessageDefinitionProtocolOptionsAMQP10ApplicationPropertiesDataType,68033,DataType
MessageDefinitionProtocolOptionsAMQP10ApplicationPropertiesDataType_DefaultBinary,69101,Object
MessageDefinitionProtocolOptionsAMQP10ApplicationPropertiesDataType_DefaultJSON,69102,Object
MessageDefinitionProtocolOptionsAMQP10MessageAnnotationsDataTypeValue,68034,DataType
MessageDefinitionProtocolOptionsAMQP10MessageAnnotationsDataTypeValue_DefaultBinary,69103,Object
MessageDefinitionProtocolOptionsAMQP10MessageAnnotationsDataTypeValue_DefaultJSON,69104,Object
MessageDefinitionProtocolOptionsAMQP10MessageAnnotationsEntryDataType,68035,DataType
MessageDefinitionProtocolOptionsAMQP10MessageAnnotationsEntryDataType_DefaultBinary,69105,Object
MessageDefinitionProtocolOptionsAMQP10MessageAnnotationsEntryDataType_DefaultJSON,69106,Object
MessageDefinitionProtocolOptionsAMQP10MessageAnnotationsDataType,68036,DataType
MessageDefinitionProtocolOptionsAMQP10MessageAnnotationsDataType_DefaultBinary,69107,Object
MessageDefinitionProtocolOptionsAMQP10MessageAnnotationsDataType_DefaultJSON,69108,Object
MessageDefinitionProtocolOptionsAMQP10DeliveryAnnotationsDataTypeValue,68037,DataType
MessageDefinitionProtocolOptionsAMQP10DeliveryAnnotationsDataTypeValue_DefaultBinary,69109,Object
MessageDefinitionProtocolOptionsAMQP10DeliveryAnnotationsDataTypeValue_DefaultJSON,69110,Object
MessageDefinitionProtocolOptionsAMQP10DeliveryAnnotationsEntryDataType,68038,DataType
MessageDefinitionProtocolOptionsAMQP10DeliveryAnnotationsEntryDataType_DefaultBinary,69111,Object
MessageDefinitionProtocolOptionsAMQP10DeliveryAnnotationsEntryDataType_DefaultJSON,69112,Object
MessageDefinitionProtocolOptionsAMQP10DeliveryAnnotationsDataType,68039,DataType
MessageDefinitionProtocolOptionsAMQP10DeliveryAnnotationsDataType_DefaultBinary,69113,Object
MessageDefinitionProtocolOptionsAMQP10DeliveryAnnotationsDataType_DefaultJSON,69114,Object
MessageDefinitionProtocolOptionsAMQP10HeaderDataType,68040,DataType
MessageDefinitionProtocolOptionsAMQP10HeaderDataType_DefaultBinary,69115,Object
MessageDefinitionProtocolOptionsAMQP10HeaderDataType_DefaultJSON,69116,Object
MessageDefinitionProtocolOptionsAMQP10FooterDataTypeValue,68041,DataType
MessageDefinitionProtocolOptionsAMQP10FooterDataTypeValue_DefaultBinary,69117,Object
MessageDefinitionProtocolOptionsAMQP10FooterDataTypeValue_DefaultJSON,69118,Object
MessageDefinitionProtocolOptionsAMQP10FooterEntryDataType,68042,DataType
MessageDefinitionProtocolOptionsAMQP10FooterEntryDataType_DefaultBinary,69119,Object
MessageDefinitionProtocolOptionsAMQP10FooterEntryDataType_DefaultJSON,69120,Object
MessageDefinitionProtocolOptionsAMQP10FooterDataType,68043,DataType
MessageDefinitionProtocolOptionsAMQP10FooterDataType_DefaultBinary,69121,Object
MessageDefinitionProtocolOptionsAMQP10FooterDataType_DefaultJSON,69122,Object
MessageDefinitionProtocolOptionsAMQP10DataType,68044,DataType
MessageDefinitionProtocolOptionsAMQP10DataType_DefaultBinary,69123,Object
MessageDefinitionProtocolOptionsAMQP10DataType_DefaultJSON,69124,Object
MessageDefinitionProtocolOptionsMQTT311DataType,68045,DataType
MessageDefinitionProtocolOptionsMQTT311DataType_DefaultBinary,69125,Object
MessageDefinitionProtocolOptionsMQTT311DataType_DefaultJSON,69126,Object
MessageDefinitionProtocolOptionsMQTT50UserPropertiesDataTypeItem,68046,DataType
MessageDefinitionProtocolOptionsMQTT50UserPropertiesDataTypeItem_DefaultBinary,69127,Object
MessageDefinitionProtocolOptionsMQTT50UserPropertiesDataTypeItem_DefaultJSON,69128,Object
MessageDefinitionProtocolOptionsMQTT50DataType,68047,DataType
MessageDefinitionProtocolOptionsMQTT50DataType_DefaultBinary,69129,Object
MessageDefinitionProtocolOptionsMQTT50DataType_DefaultJSON,69130,Object
MessageDefinitionProtocolOptionsKAFKAHeadersDataTypeValue,68048,DataType
MessageDefinitionProtocolOptionsKAFKAHeadersDataTypeValue_DefaultBinary,69131,Object
MessageDefinitionProtocolOptionsKAFKAHeadersDataTypeValue_DefaultJSON,69132,Object
MessageDefinitionProtocolOptionsKAFKAHeadersEntryDataType,68049,DataType
MessageDefinitionProtocolOptionsKAFKAHeadersEntryDataType_DefaultBinary,69133,Object
MessageDefinitionProtocolOptionsKAFKAHeadersEntryDataType_DefaultJSON,69134,Object
MessageDefinitionProtocolOptionsKAFKAHeadersDataType,68050,DataType
MessageDefinitionProtocolOptionsKAFKAHeadersDataType_DefaultBinary,69135,Object
MessageDefinitionProtocolOptionsKAFKAHeadersDataType_DefaultJSON,69136,Object
MessageDefinitionProtocolOptionsKAFKADataType,68051,DataType
MessageDefinitionProtocolOptionsKAFKADataType_DefaultBinary,69137,Object
MessageDefinitionProtocolOptionsKAFKADataType_DefaultJSON,69138,Object
MessageDefinitionProtocolOptionsHTTPHeadersDataTypeItem,68052,DataType
MessageDefinitionProtocolOptionsHTTPHeadersDataTypeItem_DefaultBinary,69139,Object
MessageDefinitionProtocolOptionsHTTPHeadersDataTypeItem_DefaultJSON,69140,Object
MessageDefinitionProtocolOptionsHTTPQueryDataTypeItem,68053,DataType
MessageDefinitionProtocolOptionsHTTPQueryDataTypeItem_DefaultBinary,69141,Object
MessageDefinitionProtocolOptionsHTTPQueryDataTypeItem_DefaultJSON,69142,Object
MessageDefinitionProtocolOptionsHTTPDataType,68054,DataType
MessageDefinitionProtocolOptionsHTTPDataType_DefaultBinary,69143,Object
MessageDefinitionProtocolOptionsHTTPDataType_DefaultJSON,69144,Object
MessageDefinitionProtocolOptionsNATSHeadersDataTypeItem,68055,DataType
MessageDefinitionProtocolOptionsNATSHeadersDataTypeItem_DefaultBinary,69145,Object
MessageDefinitionProtocolOptionsNATSHeadersDataTypeItem_DefaultJSON,69146,Object
MessageDefinitionProtocolOptionsNATSDataType,68056,DataType
MessageDefinitionProtocolOptionsNATSDataType_DefaultBinary,69147,Object
MessageDefinitionProtocolOptionsNATSDataType_DefaultJSON,69148,Object
MessageDefinitionProtocolOptionsExtensionDataType,68057,DataType
MessageDefinitionProtocolOptionsExtensionDataType_DefaultBinary,69149,Object
MessageDefinitionProtocolOptionsExtensionDataType_DefaultJSON,69150,Object
MessageDefinitionDataType,68058,DataType
MessageDefinitionDataType_DefaultBinary,69151,Object
MessageDefinitionDataType_DefaultJSON,69152,Object
MessageDefinitionMapEntryDataType,68059,DataType
MessageDefinitionMapEntryDataType_DefaultBinary,69153,Object
MessageDefinitionMapEntryDataType_DefaultJSON,69154,Object
MessageDefinitionMapDataType,68060,DataType
MessageDefinitionMapDataType_DefaultBinary,69155,Object
MessageDefinitionMapDataType_DefaultJSON,69156,Object
MessageGroupMapEntryDataType,68061,DataType
MessageGroupMapEntryDataType_DefaultBinary,69157,Object
MessageGroupMapEntryDataType_DefaultJSON,69158,Object
MessageGroupMapDataType,68062,DataType
MessageGroupMapDataType_DefaultBinary,69159,Object
MessageGroupMapDataType_DefaultJSON,69160,Object
EndpointGroupMapEntryDataType,68063,DataType
EndpointGroupMapEntryDataType_DefaultBinary,69161,Object
EndpointGroupMapEntryDataType_DefaultJSON,69162,Object
EndpointGroupMapDataType,68064,DataType
EndpointGroupMapDataType_DefaultBinary,69163,Object
EndpointGroupMapDataType_DefaultJSON,69164,Object
MessageGroupLabelsEntryDataType,68065,DataType
MessageGroupLabelsEntryDataType_DefaultBinary,69165,Object
MessageGroupLabelsEntryDataType_DefaultJSON,69166,Object
MessageGroupLabelsDataType,68066,DataType
MessageGroupLabelsDataType_DefaultBinary,69167,Object
MessageGroupLabelsDataType_DefaultJSON,69168,Object
MessageGroupDataType,68067,DataType
MessageGroupDataType_DefaultBinary,69169,Object
MessageGroupDataType_DefaultJSON,69170,Object
EndpointDeprecatedDataType,68068,DataType
EndpointDeprecatedDataType_DefaultBinary,69171,Object
EndpointDeprecatedDataType_DefaultJSON,69172,Object
EndpointLabelsEntryDataType,68069,DataType
EndpointLabelsEntryDataType_DefaultBinary,69173,Object
EndpointLabelsEntryDataType_DefaultJSON,69174,Object
EndpointLabelsDataType,68070,DataType
EndpointLabelsDataType_DefaultBinary,69175,Object
EndpointLabelsDataType_DefaultJSON,69176,Object
EndpointEnvelopeOptionsDataType,68071,DataType
EndpointEnvelopeOptionsCloudEvents10DataType,68072,DataType
EndpointEnvelopeOptionsCloudEvents10DataType_DefaultBinary,69177,Object
EndpointEnvelopeOptionsCloudEvents10DataType_DefaultJSON,69178,Object
EndpointEnvelopeOptionsExtensionDataType,68073,DataType
EndpointEnvelopeOptionsExtensionDataType_DefaultBinary,69179,Object
EndpointEnvelopeOptionsExtensionDataType_DefaultJSON,69180,Object
EndpointProtocolOptionsAuthorizationDataTypeItem,68074,DataType
EndpointProtocolOptionsAuthorizationDataTypeItem_DefaultBinary,69181,Object
EndpointProtocolOptionsAuthorizationDataTypeItem_DefaultJSON,69182,Object
EndpointProtocolOptionsDataType,68075,DataType
EndpointProtocolOptionsAMQP10EndpointsDataTypeItem,68076,DataType
EndpointProtocolOptionsAMQP10EndpointsDataTypeItem_DefaultBinary,69183,Object
EndpointProtocolOptionsAMQP10EndpointsDataTypeItem_DefaultJSON,69184,Object
EndpointProtocolOptionsAMQP10LinkPropertiesEntryDataType,68077,DataType
EndpointProtocolOptionsAMQP10LinkPropertiesEntryDataType_DefaultBinary,69185,Object
EndpointProtocolOptionsAMQP10LinkPropertiesEntryDataType_DefaultJSON,69186,Object
EndpointProtocolOptionsAMQP10LinkPropertiesDataType,68078,DataType
EndpointProtocolOptionsAMQP10LinkPropertiesDataType_DefaultBinary,69187,Object
EndpointProtocolOptionsAMQP10LinkPropertiesDataType_DefaultJSON,69188,Object
EndpointProtocolOptionsAMQP10ConnectionPropertiesEntryDataType,68079,DataType
EndpointProtocolOptionsAMQP10ConnectionPropertiesEntryDataType_DefaultBinary,69189,Object
EndpointProtocolOptionsAMQP10ConnectionPropertiesEntryDataType_DefaultJSON,69190,Object
EndpointProtocolOptionsAMQP10ConnectionPropertiesDataType,68080,DataType
EndpointProtocolOptionsAMQP10ConnectionPropertiesDataType_DefaultBinary,69191,Object
EndpointProtocolOptionsAMQP10ConnectionPropertiesDataType_DefaultJSON,69192,Object
EndpointProtocolOptionsAMQP10SourceFiltersEntryDataType,68081,DataType
EndpointProtocolOptionsAMQP10SourceFiltersEntryDataType_DefaultBinary,69193,Object
EndpointProtocolOptionsAMQP10SourceFiltersEntryDataType_DefaultJSON,69194,Object
EndpointProtocolOptionsAMQP10SourceFiltersDataType,68082,DataType
EndpointProtocolOptionsAMQP10SourceFiltersDataType_DefaultBinary,69195,Object
EndpointProtocolOptionsAMQP10SourceFiltersDataType_DefaultJSON,69196,Object
EndpointProtocolOptionsAMQP10DataType,68083,DataType
EndpointProtocolOptionsAMQP10DataType_DefaultBinary,69197,Object
EndpointProtocolOptionsAMQP10DataType_DefaultJSON,69198,Object
EndpointProtocolOptionsMQTT50EndpointsDataTypeItem,68084,DataType
EndpointProtocolOptionsMQTT50EndpointsDataTypeItem_DefaultBinary,69199,Object
EndpointProtocolOptionsMQTT50EndpointsDataTypeItem_DefaultJSON,69200,Object
EndpointProtocolOptionsMQTT50DataType,68085,DataType
EndpointProtocolOptionsMQTT50DataType_DefaultBinary,69201,Object
EndpointProtocolOptionsMQTT50DataType_DefaultJSON,69202,Object
EndpointProtocolOptionsMQTT311EndpointsDataTypeItem,68086,DataType
EndpointProtocolOptionsMQTT311EndpointsDataTypeItem_DefaultBinary,69203,Object
EndpointProtocolOptionsMQTT311EndpointsDataTypeItem_DefaultJSON,69204,Object
EndpointProtocolOptionsMQTT311DataType,68087,DataType
EndpointProtocolOptionsMQTT311DataType_DefaultBinary,69205,Object
EndpointProtocolOptionsMQTT311DataType_DefaultJSON,69206,Object
EndpointProtocolOptionsHTTPEndpointsDataTypeItem,68088,DataType
EndpointProtocolOptionsHTTPEndpointsDataTypeItem_DefaultBinary,69207,Object
EndpointProtocolOptionsHTTPEndpointsDataTypeItem_DefaultJSON,69208,Object
EndpointProtocolOptionsHTTPHeadersDataTypeItem,68089,DataType
EndpointProtocolOptionsHTTPHeadersDataTypeItem_DefaultBinary,69209,Object
EndpointProtocolOptionsHTTPHeadersDataTypeItem_DefaultJSON,69210,Object
EndpointProtocolOptionsHTTPQueryEntryDataType,68090,DataType
EndpointProtocolOptionsHTTPQueryEntryDataType_DefaultBinary,69211,Object
EndpointProtocolOptionsHTTPQueryEntryDataType_DefaultJSON,69212,Object
EndpointProtocolOptionsHTTPQueryDataType,68091,DataType
EndpointProtocolOptionsHTTPQueryDataType_DefaultBinary,69213,Object
EndpointProtocolOptionsHTTPQueryDataType_DefaultJSON,69214,Object
EndpointProtocolOptionsHTTPDataType,68092,DataType
EndpointProtocolOptionsHTTPDataType_DefaultBinary,69215,Object
EndpointProtocolOptionsHTTPDataType_DefaultJSON,69216,Object
EndpointProtocolOptionsKAFKAEndpointsDataTypeItem,68093,DataType
EndpointProtocolOptionsKAFKAEndpointsDataTypeItem_DefaultBinary,69217,Object
EndpointProtocolOptionsKAFKAEndpointsDataTypeItem_DefaultJSON,69218,Object
EndpointProtocolOptionsKAFKAHeadersEntryDataType,68094,DataType
EndpointProtocolOptionsKAFKAHeadersEntryDataType_DefaultBinary,69219,Object
EndpointProtocolOptionsKAFKAHeadersEntryDataType_DefaultJSON,69220,Object
EndpointProtocolOptionsKAFKAHeadersDataType,68095,DataType
EndpointProtocolOptionsKAFKAHeadersDataType_DefaultBinary,69221,Object
EndpointProtocolOptionsKAFKAHeadersDataType_DefaultJSON,69222,Object
EndpointProtocolOptionsKAFKADataType,68096,DataType
EndpointProtocolOptionsKAFKADataType_DefaultBinary,69223,Object
EndpointProtocolOptionsKAFKADataType_DefaultJSON,69224,Object
EndpointProtocolOptionsNATSEndpointsDataTypeItem,68097,DataType
EndpointProtocolOptionsNATSEndpointsDataTypeItem_DefaultBinary,69225,Object
EndpointProtocolOptionsNATSEndpointsDataTypeItem_DefaultJSON,69226,Object
EndpointProtocolOptionsNATSDataType,68098,DataType
EndpointProtocolOptionsNATSDataType_DefaultBinary,69227,Object
EndpointProtocolOptionsNATSDataType_DefaultJSON,69228,Object
EndpointProtocolOptionsSRTEndpointsDataTypeItem,68099,DataType
EndpointProtocolOptionsSRTEndpointsDataTypeItem_DefaultBinary,69229,Object
EndpointProtocolOptionsSRTEndpointsDataTypeItem_DefaultJSON,69230,Object
EndpointProtocolOptionsSRTDataType,68100,DataType
EndpointProtocolOptionsSRTDataType_DefaultBinary,69231,Object
EndpointProtocolOptionsSRTDataType_DefaultJSON,69232,Object
EndpointProtocolOptionsWebRTCEndpointsDataTypeItem,68101,DataType
EndpointProtocolOptionsWebRTCEndpointsDataTypeItem_DefaultBinary,69233,Object
EndpointProtocolOptionsWebRTCEndpointsDataTypeItem_DefaultJSON,69234,Object
EndpointProtocolOptionsWebRTCDataType,68102,DataType
EndpointProtocolOptionsWebRTCDataType_DefaultBinary,69235,Object
EndpointProtocolOptionsWebRTCDataType_DefaultJSON,69236,Object
EndpointProtocolOptionsRTSP10EndpointsDataTypeItem,68103,DataType
EndpointProtocolOptionsRTSP10EndpointsDataTypeItem_DefaultBinary,69237,Object
EndpointProtocolOptionsRTSP10EndpointsDataTypeItem_DefaultJSON,69238,Object
EndpointProtocolOptionsRTSP10DataType,68104,DataType
EndpointProtocolOptionsRTSP10DataType_DefaultBinary,69239,Object
EndpointProtocolOptionsRTSP10DataType_DefaultJSON,69240,Object
EndpointProtocolOptionsRTSP20EndpointsDataTypeItem,68105,DataType
EndpointProtocolOptionsRTSP20EndpointsDataTypeItem_DefaultBinary,69241,Object
EndpointProtocolOptionsRTSP20EndpointsDataTypeItem_DefaultJSON,69242,Object
EndpointProtocolOptionsRTSP20DataType,68106,DataType
EndpointProtocolOptionsRTSP20DataType_DefaultBinary,69243,Object
EndpointProtocolOptionsRTSP20DataType_DefaultJSON,69244,Object
EndpointProtocolOptionsRTP2EndpointsDataTypeItem,68107,DataType
EndpointProtocolOptionsRTP2EndpointsDataTypeItem_DefaultBinary,69245,Object
EndpointProtocolOptionsRTP2EndpointsDataTypeItem_DefaultJSON,69246,Object
EndpointProtocolOptionsRTP2DataType,68108,DataType
EndpointProtocolOptionsRTP2DataType_DefaultBinary,69247,Object
EndpointProtocolOptionsRTP2DataType_DefaultJSON,69248,Object
EndpointProtocolOptionsMPEGTSUDPEndpointsDataTypeItem,68109,DataType
EndpointProtocolOptionsMPEGTSUDPEndpointsDataTypeItem_DefaultBinary,69249,Object
EndpointProtocolOptionsMPEGTSUDPEndpointsDataTypeItem_DefaultJSON,69250,Object
EndpointProtocolOptionsMPEGTSUDPDataType,68110,DataType
EndpointProtocolOptionsMPEGTSUDPDataType_DefaultBinary,69251,Object
EndpointProtocolOptionsMPEGTSUDPDataType_DefaultJSON,69252,Object
EndpointProtocolOptionsRTMP10EndpointsDataTypeItem,68111,DataType
EndpointProtocolOptionsRTMP10EndpointsDataTypeItem_DefaultBinary,69253,Object
EndpointProtocolOptionsRTMP10EndpointsDataTypeItem_DefaultJSON,69254,Object
EndpointProtocolOptionsRTMP10DataType,68112,DataType
EndpointProtocolOptionsRTMP10DataType_DefaultBinary,69255,Object
EndpointProtocolOptionsRTMP10DataType_DefaultJSON,69256,Object
EndpointProtocolOptionsHLSEndpointsDataTypeItem,68113,DataType
EndpointProtocolOptionsHLSEndpointsDataTypeItem_DefaultBinary,69257,Object
EndpointProtocolOptionsHLSEndpointsDataTypeItem_DefaultJSON,69258,Object
EndpointProtocolOptionsHLSDataType,68114,DataType
EndpointProtocolOptionsHLSDataType_DefaultBinary,69259,Object
EndpointProtocolOptionsHLSDataType_DefaultJSON,69260,Object
EndpointProtocolOptionsDASHEndpointsDataTypeItem,68115,DataType
EndpointProtocolOptionsDASHEndpointsDataTypeItem_DefaultBinary,69261,Object
EndpointProtocolOptionsDASHEndpointsDataTypeItem_DefaultJSON,69262,Object
EndpointProtocolOptionsDASHDataType,68116,DataType
EndpointProtocolOptionsDASHDataType_DefaultBinary,69263,Object
EndpointProtocolOptionsDASHDataType_DefaultJSON,69264,Object
EndpointProtocolOptionsRISTSimple2020EndpointsDataTypeItem,68117,DataType
EndpointProtocolOptionsRISTSimple2020EndpointsDataTypeItem_DefaultBinary,69265,Object
EndpointProtocolOptionsRISTSimple2020EndpointsDataTypeItem_DefaultJSON,69266,Object
EndpointProtocolOptionsRISTSimple2020DataType,68118,DataType
EndpointProtocolOptionsRISTSimple2020DataType_DefaultBinary,69267,Object
EndpointProtocolOptionsRISTSimple2020DataType_DefaultJSON,69268,Object
EndpointProtocolOptionsRISTMain2024EndpointsDataTypeItem,68119,DataType
EndpointProtocolOptionsRISTMain2024EndpointsDataTypeItem_DefaultBinary,69269,Object
EndpointProtocolOptionsRISTMain2024EndpointsDataTypeItem_DefaultJSON,69270,Object
EndpointProtocolOptionsRISTMain2024DataType,68120,DataType
EndpointProtocolOptionsRISTMain2024DataType_DefaultBinary,69271,Object
EndpointProtocolOptionsRISTMain2024DataType_DefaultJSON,69272,Object
EndpointProtocolOptionsExtensionDataType,68121,DataType
EndpointProtocolOptionsExtensionDataType_DefaultBinary,69273,Object
EndpointProtocolOptionsExtensionDataType_DefaultJSON,69274,Object
EndpointDataType,68122,DataType
EndpointDataType_DefaultBinary,69275,Object
EndpointDataType_DefaultJSON,69276,Object
EndpointRegistryDocumentLabelsEntryDataType,68123,DataType
EndpointRegistryDocumentLabelsEntryDataType_DefaultBinary,69277,Object
EndpointRegistryDocumentLabelsEntryDataType_DefaultJSON,69278,Object
EndpointRegistryDocumentLabelsDataType,68124,DataType
EndpointRegistryDocumentLabelsDataType_DefaultBinary,69279,Object
EndpointRegistryDocumentLabelsDataType_DefaultJSON,69280,Object
EndpointRegistryDocumentDataType,68125,DataType
EndpointRegistryDocumentDataType_DefaultBinary,69281,Object
EndpointRegistryDocumentDataType_DefaultJSON,69282,Object
MessageReferenceBindingDataType,68126,DataType
MessageReferenceBindingDataType_DefaultBinary,69283,Object
MessageReferenceBindingDataType_DefaultJSON,69284,Object
MessageResolutionRequestDataType,68127,DataType
MessageResolutionRequestDataType_DefaultBinary,69285,Object
MessageResolutionRequestDataType_DefaultJSON,69286,Object
NativeMessageResolutionResultDataType,68128,DataType
NativeMessageResolutionResultDataType_DefaultBinary,69287,Object
NativeMessageResolutionResultDataType_DefaultJSON,69288,Object
PubSubBindingSnapshotDataType,68129,DataType
PubSubBindingSnapshotDataType_DefaultBinary,69289,Object
PubSubBindingSnapshotDataType_DefaultJSON,69290,Object
NamespaceMetadata,69291,Object
NamespaceMetadata_NamespaceUri,69292,Variable
NamespaceMetadata_NamespaceVersion,69293,Variable
NamespaceMetadata_NamespacePublicationDate,69294,Variable
NamespaceMetadata_IsNamespaceSubset,69295,Variable
EndpointRegistry_RegistryId,69296,Variable
EndpointRegistry_Snapshot,69297,Variable
MediaEndpointRegistry_RegistryId,69298,Variable
MediaEndpointRegistry_Snapshot,69299,Variable
