RegistryType,63000,ObjectType
GroupType,63001,ObjectType
ResourceType,63002,ObjectType
AttributesType,63003,ObjectType
AttributesType_Attribute,63500,Variable
AttributesType_AddAttribute,63501,Method
AttributesType_AddAttribute_InputArguments,63502,Variable
AttributesType_RemoveAttribute,63503,Method
AttributesType_RemoveAttribute_InputArguments,63504,Variable
RegistryCapabilitiesDataType,63004,DataType
RegistryCapabilitiesDataType_DefaultBinary,63505,Object
RegistryCapabilitiesDataType_DefaultJSON,63506,Object
RegistryType_RegistryId,63507,Variable
RegistryType_SpecVersion,63508,Variable
RegistryType_Capabilities,63509,Object
RegistryType_Model,63510,Object
RegistryType_CapabilitiesInfo,63511,Variable
RegistryType_Xid,63512,Variable
RegistryType_Epoch,63513,Variable
RegistryType_Name,63514,Variable
RegistryType_Description,63515,Variable
RegistryType_Documentation,63516,Variable
RegistryType_Labels,63517,Object
RegistryType_CreatedAt,63518,Variable
RegistryType_ModifiedAt,63519,Variable
RegistryType_Group,63520,Object
RegistryType_CreateGroup,63521,Method
RegistryType_CreateGroup_InputArguments,63522,Variable
RegistryType_CreateGroup_OutputArguments,63523,Variable
RegistryType_GetOrCreateGroup,63524,Method
RegistryType_GetOrCreateGroup_InputArguments,63525,Variable
RegistryType_GetOrCreateGroup_OutputArguments,63526,Variable
GroupType_GroupId,63527,Variable
GroupType_Xid,63528,Variable
GroupType_Epoch,63529,Variable
GroupType_Name,63530,Variable
GroupType_Description,63531,Variable
GroupType_Documentation,63532,Variable
GroupType_Labels,63533,Object
GroupType_CreatedAt,63534,Variable
GroupType_ModifiedAt,63535,Variable
GroupType_Resource,63536,Object
GroupType_CreateResource,63537,Method
GroupType_CreateResource_InputArguments,63538,Variable
GroupType_CreateResource_OutputArguments,63539,Variable
GroupType_GetOrCreateResource,63540,Method
GroupType_GetOrCreateResource_InputArguments,63541,Variable
GroupType_GetOrCreateResource_OutputArguments,63542,Variable
GroupType_Delete,63543,Method
GroupType_Delete_InputArguments,63544,Variable
ResourceType_ResourceId,63545,Variable
ResourceType_VersionId,63546,Variable
ResourceType_Format,63547,Variable
ResourceType_ContentType,63548,Variable
ResourceType_ExternalReference,63549,Variable
ResourceType_ResourceUrl,63550,Variable
ResourceType_Xid,63551,Variable
ResourceType_Epoch,63552,Variable
ResourceType_Name,63553,Variable
ResourceType_Description,63554,Variable
ResourceType_Documentation,63555,Variable
ResourceType_Labels,63556,Object
ResourceType_CreatedAt,63557,Variable
ResourceType_ModifiedAt,63558,Variable
ResourceType_Delete,63559,Method
ResourceType_Delete_InputArguments,63560,Variable
NamespaceMetadata,63561,Object
NamespaceMetadata_NamespaceUri,63562,Variable
NamespaceMetadata_NamespaceVersion,63563,Variable
NamespaceMetadata_NamespacePublicationDate,63564,Variable
NamespaceMetadata_IsNamespaceSubset,63565,Variable
RegistryType_EventSourceUrl,63566,Variable
ResourceType_MetaEpoch,63567,Variable
XRegistryEventType,63005,ObjectType
XRegistryEventType_SourceUrl,63568,Variable
XRegistryEventType_Subject,63569,Variable
XRegistryEventType_CorrelationId,63570,Variable
RegistryCreatedEventType,63006,ObjectType
RegistryCreatedEventType_Epoch,63571,Variable
RegistryUpdatedEventType,63007,ObjectType
RegistryUpdatedEventType_Changed,63572,Variable
RegistryUpdatedEventType_Epoch,63573,Variable
RegistryDeletedEventType,63008,ObjectType
ModelUpdatedEventType,63009,ObjectType
ModelSourceUpdatedEventType,63010,ObjectType
CapabilitiesUpdatedEventType,63011,ObjectType
CapabilitiesUpdatedEventType_Changed,63574,Variable
GroupCreatedEventType,63012,ObjectType
GroupCreatedEventType_Epoch,63575,Variable
GroupUpdatedEventType,63013,ObjectType
GroupUpdatedEventType_Changed,63576,Variable
GroupUpdatedEventType_Epoch,63577,Variable
GroupDeprecatedEventType,63014,ObjectType
GroupUndeprecatedEventType,63015,ObjectType
GroupDeletedEventType,63016,ObjectType
ResourceCreatedEventType,63017,ObjectType
ResourceCreatedEventType_Epoch,63578,Variable
ResourceCreatedEventType_MetaEpoch,63579,Variable
ResourceUpdatedEventType,63018,ObjectType
ResourceUpdatedEventType_Changed,63580,Variable
ResourceUpdatedEventType_Epoch,63581,Variable
ResourceUpdatedEventType_MetaEpoch,63582,Variable
ResourceDeprecatedEventType,63019,ObjectType
ResourceUndeprecatedEventType,63020,ObjectType
ResourceDeletedEventType,63021,ObjectType
VersionCreatedEventType,63022,ObjectType
VersionCreatedEventType_Epoch,63583,Variable
VersionUpdatedEventType,63023,ObjectType
VersionUpdatedEventType_Changed,63584,Variable
VersionUpdatedEventType_Epoch,63585,Variable
VersionDeletedEventType,63024,ObjectType
ResourceType_MetaLabels,63586,Object
ResourceType_MetaCreatedAt,63587,Variable
ResourceType_MetaModifiedAt,63588,Variable
ResourceVersionsType,63025,ObjectType
ResourceVersionsType_Version,63589,Object
ResourceType_Versions,63590,Object
RegistryOriginDataType,63026,DataType
RegistryOriginDataType_DefaultBinary,63591,Object
RegistryOriginDataType_DefaultJSON,63592,Object
ResourceType_OriginRegistry,63593,Variable
RegistryAvailableCapabilityDataType,63027,DataType
RegistryAvailableCapabilityDataType_DefaultBinary,63594,Object
RegistryAvailableCapabilityDataType_DefaultJSON,63595,Object
RegistryCompatibilityCapabilityDataType,63028,DataType
RegistryCompatibilityCapabilityDataType_DefaultBinary,63596,Object
RegistryCompatibilityCapabilityDataType_DefaultJSON,63597,Object
RegistryCapabilitiesSnapshotDataType,63029,DataType
RegistryCapabilitiesSnapshotDataType_DefaultBinary,63598,Object
RegistryCapabilitiesSnapshotDataType_DefaultJSON,63599,Object
RegistryType_CapabilitiesSnapshot,63600,Variable
GroupCollectionType,63030,ObjectType
GroupCollectionType_CollectionName,63601,Variable
GroupCollectionType_Group,63602,Object
RegistryType_GroupCollection,63603,Object
GroupType_CollectionName,63604,Variable
MetadataResourceType,63031,ObjectType
MetadataResourceType_ResourceId,63605,Variable
MetadataResourceType_HasDocument,63606,Variable
MetadataResourceType_MaxVersions,63607,Variable
MetadataResourceType_VersionId,63608,Variable
MetadataResourceType_Xid,63609,Variable
MetadataResourceType_Epoch,63610,Variable
MetadataResourceType_Name,63611,Variable
MetadataResourceType_Description,63612,Variable
MetadataResourceType_Documentation,63613,Variable
MetadataResourceType_Labels,63614,Object
MetadataResourceType_CreatedAt,63615,Variable
MetadataResourceType_ModifiedAt,63616,Variable
MetadataResourceType_Metadata,63617,Object
MetadataResourceType_Delete,63618,Method
MetadataResourceType_Delete_InputArguments,63619,Variable
GroupType_MetadataResource,63620,Object
GroupType_OriginRegistry,63621,Variable
GroupType_ExternalReference,63622,Variable
GroupType_GroupUrl,63623,Variable
RegistryValueDataType,67000,DataType
RegistryNullValueDataType,67001,DataType
RegistryNullValueDataType_DefaultBinary,67500,Object
RegistryNullValueDataType_DefaultJSON,67501,Object
RegistryBooleanValueDataType,67002,DataType
RegistryBooleanValueDataType_DefaultBinary,67502,Object
RegistryBooleanValueDataType_DefaultJSON,67503,Object
RegistryStringValueDataType,67003,DataType
RegistryStringValueDataType_DefaultBinary,67504,Object
RegistryStringValueDataType_DefaultJSON,67505,Object
RegistryNumberValueDataType,67004,DataType
RegistryNumberValueDataType_DefaultBinary,67506,Object
RegistryNumberValueDataType_DefaultJSON,67507,Object
RegistryArrayValueDataType,67005,DataType
RegistryArrayValueDataType_DefaultBinary,67508,Object
RegistryArrayValueDataType_DefaultJSON,67509,Object
RegistryMemberDataType,67006,DataType
RegistryMemberDataType_DefaultBinary,67510,Object
RegistryMemberDataType_DefaultJSON,67511,Object
RegistryObjectValueDataType,67007,DataType
RegistryObjectValueDataType_DefaultBinary,67512,Object
RegistryObjectValueDataType_DefaultJSON,67513,Object
RegistryRecordDataType,67008,DataType
RegistryDiagnosticDataType,67009,DataType
RegistryDiagnosticDataType_DefaultBinary,67514,Object
RegistryDiagnosticDataType_DefaultJSON,67515,Object
RegistryPathElementDataType,67010,DataType
RegistryPathElementDataType_DefaultBinary,67516,Object
RegistryPathElementDataType_DefaultJSON,67517,Object
RegistryChangeDataType,67011,DataType
RegistryChangeDataType_DefaultBinary,67518,Object
RegistryChangeDataType_DefaultJSON,67519,Object
RegistryDocumentPageDataType,67012,DataType
RegistryDocumentPageDataType_DefaultBinary,67520,Object
RegistryDocumentPageDataType_DefaultJSON,67521,Object
RegistryMutationResultDataType,67013,DataType
RegistryMutationResultDataType_DefaultBinary,67522,Object
RegistryMutationResultDataType_DefaultJSON,67523,Object
RegistryReadRequestDataType,67014,DataType
RegistryReadRequestDataType_DefaultBinary,67524,Object
RegistryReadRequestDataType_DefaultJSON,67525,Object
RegistryReadResultDataType,67015,DataType
RegistryReadResultDataType_DefaultBinary,67526,Object
RegistryReadResultDataType_DefaultJSON,67527,Object
RegistryWriteRequestDataType,67016,DataType
RegistryWriteRequestDataType_DefaultBinary,67528,Object
RegistryWriteRequestDataType_DefaultJSON,67529,Object
RegistryChangeRequestDataType,67017,DataType
RegistryChangeRequestDataType_DefaultBinary,67530,Object
RegistryChangeRequestDataType_DefaultJSON,67531,Object
RegistryEntityReferenceDataType,67018,DataType
RegistryEntityReferenceDataType_DefaultBinary,67532,Object
RegistryEntityReferenceDataType_DefaultJSON,67533,Object
RegistryMetadataLabelsEntryDataType,67200,DataType
RegistryMetadataLabelsEntryDataType_DefaultBinary,67534,Object
RegistryMetadataLabelsEntryDataType_DefaultJSON,67535,Object
RegistryMetadataLabelsDataType,67201,DataType
RegistryMetadataLabelsDataType_DefaultBinary,67536,Object
RegistryMetadataLabelsDataType_DefaultJSON,67537,Object
RegistryMetadataDataType,67202,DataType
RegistryMetadataDataType_DefaultBinary,67538,Object
RegistryMetadataDataType_DefaultJSON,67539,Object
RegistryCapabilitiesDocumentAvailableDataTypeValue,67203,DataType
RegistryCapabilitiesDocumentAvailableDataTypeValue_DefaultBinary,67540,Object
RegistryCapabilitiesDocumentAvailableDataTypeValue_DefaultJSON,67541,Object
RegistryCapabilitiesDocumentAvailableEntryDataType,67204,DataType
RegistryCapabilitiesDocumentAvailableEntryDataType_DefaultBinary,67542,Object
RegistryCapabilitiesDocumentAvailableEntryDataType_DefaultJSON,67543,Object
RegistryCapabilitiesDocumentAvailableDataType,67205,DataType
RegistryCapabilitiesDocumentAvailableDataType_DefaultBinary,67544,Object
RegistryCapabilitiesDocumentAvailableDataType_DefaultJSON,67545,Object
RegistryCapabilitiesDocumentCompatibilitiesEntryDataType,67206,DataType
RegistryCapabilitiesDocumentCompatibilitiesEntryDataType_DefaultBinary,67546,Object
RegistryCapabilitiesDocumentCompatibilitiesEntryDataType_DefaultJSON,67547,Object
RegistryCapabilitiesDocumentCompatibilitiesDataType,67207,DataType
RegistryCapabilitiesDocumentCompatibilitiesDataType_DefaultBinary,67548,Object
RegistryCapabilitiesDocumentCompatibilitiesDataType_DefaultJSON,67549,Object
RegistryCapabilitiesDocumentDataType,67208,DataType
RegistryCapabilitiesDocumentDataType_DefaultBinary,67550,Object
RegistryCapabilitiesDocumentDataType_DefaultJSON,67551,Object
RegistryAttributeMapEntryDataType,67209,DataType
RegistryAttributeMapEntryDataType_DefaultBinary,67552,Object
RegistryAttributeMapEntryDataType_DefaultJSON,67553,Object
RegistryAttributeMapDataType,67210,DataType
RegistryAttributeMapDataType_DefaultBinary,67554,Object
RegistryAttributeMapDataType_DefaultJSON,67555,Object
RegistryConditionMapEntryDataType,67211,DataType
RegistryConditionMapEntryDataType_DefaultBinary,67556,Object
RegistryConditionMapEntryDataType_DefaultJSON,67557,Object
RegistryConditionMapDataType,67212,DataType
RegistryConditionMapDataType_DefaultBinary,67558,Object
RegistryConditionMapDataType_DefaultJSON,67559,Object
RegistryGroupModelMapEntryDataType,67213,DataType
RegistryGroupModelMapEntryDataType_DefaultBinary,67560,Object
RegistryGroupModelMapEntryDataType_DefaultJSON,67561,Object
RegistryGroupModelMapDataType,67214,DataType
RegistryGroupModelMapDataType_DefaultBinary,67562,Object
RegistryGroupModelMapDataType_DefaultJSON,67563,Object
RegistryResourceModelMapEntryDataType,67215,DataType
RegistryResourceModelMapEntryDataType_DefaultBinary,67564,Object
RegistryResourceModelMapEntryDataType_DefaultJSON,67565,Object
RegistryResourceModelMapDataType,67216,DataType
RegistryResourceModelMapDataType_DefaultBinary,67566,Object
RegistryResourceModelMapDataType_DefaultJSON,67567,Object
RegistryAttributeDefinitionDataType,67217,DataType
RegistryAttributeDefinitionDataType_DefaultBinary,67568,Object
RegistryAttributeDefinitionDataType_DefaultJSON,67569,Object
RegistryConditionDataType,67218,DataType
RegistryConditionDataType_DefaultBinary,67570,Object
RegistryConditionDataType_DefaultJSON,67571,Object
RegistryResourceModelDataType,67219,DataType
RegistryResourceModelDataType_DefaultBinary,67572,Object
RegistryResourceModelDataType_DefaultJSON,67573,Object
RegistryGroupModelDataType,67220,DataType
RegistryGroupModelDataType_DefaultBinary,67574,Object
RegistryGroupModelDataType_DefaultJSON,67575,Object
RegistryModelDocumentDataType,67221,DataType
RegistryModelDocumentDataType_DefaultBinary,67576,Object
RegistryModelDocumentDataType_DefaultJSON,67577,Object
RegistryExtensionDefinitionDataType,67222,DataType
RegistryExtensionDefinitionDataType_DefaultBinary,67578,Object
RegistryExtensionDefinitionDataType_DefaultJSON,67579,Object
NativeRegistryAccessType,67100,ObjectType
NativeRegistryAccessType_ReadDocument,67580,Method
NativeRegistryAccessType_ReadDocument_InputArguments,67581,Variable
NativeRegistryAccessType_ReadDocument_OutputArguments,67582,Variable
NativeRegistryAccessType_WriteDocument,67583,Method
NativeRegistryAccessType_WriteDocument_InputArguments,67584,Variable
NativeRegistryAccessType_WriteDocument_OutputArguments,67585,Variable
NativeRegistryAccessType_ApplyChanges,67586,Method
NativeRegistryAccessType_ApplyChanges_InputArguments,67587,Variable
NativeRegistryAccessType_ApplyChanges_OutputArguments,67588,Variable
RegistryType_TypedAccess,67589,Object
RegistrySnapshotOpenRequestDataType,67300,DataType
RegistrySnapshotOpenRequestDataType_DefaultBinary,67590,Object
RegistrySnapshotOpenRequestDataType_DefaultJSON,67591,Object
RegistrySnapshotOpenResultDataType,67301,DataType
RegistrySnapshotOpenResultDataType_DefaultBinary,67592,Object
RegistrySnapshotOpenResultDataType_DefaultJSON,67593,Object
RegistrySnapshotReadRequestDataType,67302,DataType
RegistrySnapshotReadRequestDataType_DefaultBinary,67594,Object
RegistrySnapshotReadRequestDataType_DefaultJSON,67595,Object
RegistrySnapshotEntryDataType,67303,DataType
RegistrySnapshotEntryDataType_DefaultBinary,67596,Object
RegistrySnapshotEntryDataType_DefaultJSON,67597,Object
RegistrySnapshotReadResultDataType,67304,DataType
RegistrySnapshotReadResultDataType_DefaultBinary,67598,Object
RegistrySnapshotReadResultDataType_DefaultJSON,67599,Object
RegistrySnapshotLimitsDataType,67305,DataType
RegistrySnapshotLimitsDataType_DefaultBinary,67600,Object
RegistrySnapshotLimitsDataType_DefaultJSON,67601,Object
RegistrySnapshotCloseResultDataType,67306,DataType
RegistrySnapshotCloseResultDataType_DefaultBinary,67602,Object
RegistrySnapshotCloseResultDataType_DefaultJSON,67603,Object
NativeRegistryAccessType_OpenDocument,67604,Method
NativeRegistryAccessType_OpenDocument_InputArguments,67605,Variable
NativeRegistryAccessType_OpenDocument_OutputArguments,67606,Variable
NativeRegistryAccessType_ReadDocumentPart,67607,Method
NativeRegistryAccessType_ReadDocumentPart_InputArguments,67608,Variable
NativeRegistryAccessType_ReadDocumentPart_OutputArguments,67609,Variable
NativeRegistryAccessType_CloseDocument,67610,Method
NativeRegistryAccessType_CloseDocument_InputArguments,67611,Variable
NativeRegistryAccessType_CloseDocument_OutputArguments,67612,Variable
NativeRegistryAccessType_SnapshotLimits,67613,Variable
